id,latitude,longitude,time,magnitude,mc_current
0,38.50136,-112.88286,2024-04-03 17:47:29.411,-0.93,-1.0
1,38.50005,-112.88379,2024-04-03 17:47:40.372,-0.49,-1.0
2,38.49988,-112.88379,2024-04-03 17:50:35.034,-0.68,-1.0
3,38.5009,-112.88306,2024-04-03 17:52:17.349,-0.75,-1.0
4,38.50002,-112.88379,2024-04-03 17:53:08.477,-0.33,-1.0
5,38.50118,-112.88301,2024-04-03 17:54:56.379,-0.9,-1.0
6,38.50008,-112.88379,2024-04-03 18:02:10.812,-0.68,-1.0
7,38.50001,-112.88379,2024-04-03 18:02:17.251,-0.91,-1.0
8,38.49989,-112.8839,2024-04-03 18:06:27.783,-0.79,-1.0
9,38.50128,-112.88293,2024-04-03 18:12:09.597,-0.7,-1.0
10,38.5009,-112.88306,2024-04-03 18:14:22.006,-0.95,-1.0
11,38.49989,-112.8839,2024-04-03 18:15:39.708,-0.21,-1.0
12,38.49999,-112.88379,2024-04-03 18:16:56.938,-0.55,-1.0
13,38.50076,-112.883,2024-04-03 18:24:10.239,-0.56,-1.0
14,38.50084,-112.883,2024-04-03 18:25:36.255,-0.84,-1.0
15,38.4998,-112.88401,2024-04-03 18:27:10.413,-0.93,-1.0
16,38.50147,-112.88397,2024-04-03 18:29:32.450,-0.99,-1.0
17,38.49995,-112.88394,2024-04-03 18:33:20.472,-0.79,-1.0
18,38.49989,-112.8839,2024-04-03 18:35:33.750,-0.73,-1.0
19,38.50076,-112.883,2024-04-03 18:36:40.369,-0.52,-1.0
20,38.49999,-112.88379,2024-04-03 18:37:11.727,-0.52,-1.0
21,38.49996,-112.88412,2024-04-03 18:37:57.477,-0.97,-1.0
22,38.50173,-112.88299,2024-04-03 18:39:11.755,-0.76,-1.0
23,38.50114,-112.88308,2024-04-03 18:41:12.909,-0.35,-1.0
24,38.50015,-112.88388,2024-04-03 18:42:38.164,-0.0,-1.0
25,38.50001,-112.88379,2024-04-03 18:42:51.176,-0.99,-1.0
26,38.49984,-112.88396,2024-04-03 18:44:56.151,-0.89,-1.0
27,38.50088,-112.88303,2024-04-03 18:48:24.803,-0.13,-1.0
28,38.5009,-112.88306,2024-04-03 18:49:49.023,-0.69,-1.0
29,38.50263,-112.8837,2024-04-03 18:51:49.424,-0.32,-1.0
30,38.50109,-112.88303,2024-04-03 18:55:06.601,-0.87,-1.0
31,38.50031,-112.88395,2024-04-03 18:56:41.620,-0.37,-1.0
32,38.50077,-112.88295,2024-04-03 18:56:47.793,-0.63,-1.0
33,38.49999,-112.88379,2024-04-03 18:59:37.337,-0.59,-1.0
34,38.50087,-112.88295,2024-04-03 19:02:09.861,-0.75,-1.0
35,38.49965,-112.88414,2024-04-03 19:02:25.060,-0.66,-1.0
36,38.50078,-112.88323,2024-04-03 19:03:36.377,-0.94,-1.0
37,38.49995,-112.88394,2024-04-03 19:05:49.868,-0.67,-1.0
38,38.50235,-112.88305,2024-04-03 19:09:45.466,-1.0,-1.0
39,38.50221,-112.88315,2024-04-03 19:11:02.062,-0.98,-1.0
40,38.50116,-112.88301,2024-04-03 19:11:35.381,-0.96,-1.0
41,38.50059,-112.88299,2024-04-03 19:13:07.896,-0.62,-1.0
42,38.50107,-112.88295,2024-04-03 19:14:35.969,-0.25,-1.0
43,38.49984,-112.8842,2024-04-03 19:15:08.534,-0.97,-1.0
44,38.49989,-112.8839,2024-04-03 19:17:21.707,-0.68,-1.0
45,38.50092,-112.88295,2024-04-03 19:17:39.225,-0.42,-1.0
46,38.50079,-112.88295,2024-04-03 19:17:46.772,0.2,-1.0
47,38.50072,-112.88295,2024-04-03 19:18:09.023,-0.53,-1.0
48,38.50114,-112.88308,2024-04-03 19:19:32.851,-0.31,-1.0
49,38.50221,-112.88307,2024-04-03 19:20:15.094,-0.67,-1.0
50,38.50152,-112.88301,2024-04-03 19:22:00.365,-0.39,-1.0
51,38.49969,-112.8842,2024-04-03 19:24:53.482,-0.5,-1.0
52,38.49972,-112.88398,2024-04-03 19:25:31.669,-0.64,-1.0
53,38.50173,-112.88295,2024-04-03 19:25:49.101,-0.87,-1.0
54,38.50211,-112.88303,2024-04-03 19:32:20.895,-0.98,-1.0
55,38.50235,-112.88305,2024-04-03 19:32:27.374,-0.92,-1.0
56,38.50128,-112.88295,2024-04-03 19:34:25.459,-0.34,-1.0
57,38.49995,-112.88394,2024-04-03 19:34:51.547,-0.85,-1.0
58,38.49987,-112.88415,2024-04-03 19:35:31.566,-0.88,-1.0
59,38.50114,-112.88308,2024-04-03 19:35:39.196,-0.79,-1.0
60,38.49999,-112.88379,2024-04-03 19:35:45.615,-0.77,-1.0
61,38.50031,-112.88395,2024-04-03 19:36:23.402,-0.05,-1.0
62,38.50145,-112.88299,2024-04-03 19:36:43.217,-0.55,-1.0
63,38.50145,-112.88299,2024-04-03 19:38:09.013,-0.34,-1.0
64,38.50059,-112.88299,2024-04-03 19:38:15.268,-0.56,-1.0
65,38.49986,-112.88403,2024-04-03 19:39:34.166,-0.83,-1.0
66,38.50092,-112.88295,2024-04-03 19:39:43.909,0.05,-1.0
67,38.5014,-112.88299,2024-04-03 19:41:00.641,-0.04,-1.0
68,38.50107,-112.88292,2024-04-03 19:42:37.331,-0.97,-1.0
69,38.50114,-112.88308,2024-04-03 19:44:22.783,-0.29,-1.0
70,38.50078,-112.88295,2024-04-03 19:44:43.240,-0.45,-1.0
71,38.50072,-112.88297,2024-04-03 19:45:58.563,-0.93,-1.0
72,38.50063,-112.88395,2024-04-03 19:49:38.492,-0.67,-1.0
73,38.50063,-112.88395,2024-04-03 19:49:55.076,-0.5,-1.0
74,38.50158,-112.88287,2024-04-03 19:51:56.460,-0.48,-1.0
75,38.50221,-112.88307,2024-04-03 19:53:10.037,-0.72,-1.0
76,38.50083,-112.88295,2024-04-03 19:53:47.896,0.1,-1.0
77,38.50107,-112.88295,2024-04-03 19:55:33.191,-0.35,-1.0
78,38.50223,-112.88324,2024-04-03 19:56:14.656,-0.48,-1.0
79,38.5013,-112.88311,2024-04-03 19:56:26.359,-0.58,-1.0
80,38.50209,-112.88342,2024-04-03 19:58:41.230,-0.83,-1.0
81,38.50074,-112.88296,2024-04-03 19:59:15.254,-0.92,-1.0
82,38.50146,-112.88293,2024-04-03 19:59:19.001,0.06,-1.0
83,38.49986,-112.88403,2024-04-03 20:03:11.378,-1.0,-1.0
84,38.50218,-112.88324,2024-04-03 20:04:27.866,-0.74,-1.0
85,38.5008,-112.883,2024-04-03 20:04:31.809,-0.92,-1.0
86,38.50059,-112.88299,2024-04-03 20:04:40.870,-0.3,-1.0
87,38.5009,-112.88314,2024-04-03 20:04:45.449,-0.93,-1.0
88,38.50015,-112.88388,2024-04-03 20:06:00.852,-0.31,-1.0
89,38.50114,-112.88308,2024-04-03 20:06:58.549,-0.89,-1.0
90,38.50107,-112.88292,2024-04-03 20:10:45.605,-0.89,-1.0
91,38.50155,-112.8829,2024-04-03 20:11:30.884,-0.42,-1.0
92,38.50223,-112.88324,2024-04-03 20:11:51.427,-0.39,-1.0
93,38.5008,-112.883,2024-04-03 20:13:36.864,-0.77,-1.0
94,38.49991,-112.8842,2024-04-03 20:18:11.454,-0.76,-1.0
95,38.50221,-112.88307,2024-04-03 20:20:02.884,-0.76,-1.0
96,38.50128,-112.88295,2024-04-03 20:25:41.007,-0.71,-1.0
97,38.50206,-112.88328,2024-04-03 20:26:35.101,-0.89,-1.0
98,38.5022,-112.88324,2024-04-03 20:35:43.628,-0.45,-1.0
99,38.50158,-112.88287,2024-04-03 20:36:31.077,-0.89,-1.0
100,38.5008,-112.883,2024-04-03 20:36:50.882,-0.35,-1.0
101,38.5007,-112.88303,2024-04-03 20:43:22.933,-0.92,-1.0
102,38.50077,-112.88295,2024-04-03 20:47:11.884,-0.78,-1.0
103,38.501,-112.88295,2024-04-03 20:51:34.235,-0.48,-1.0
104,38.49984,-112.88414,2024-04-03 20:51:57.970,-0.82,-1.0
105,38.50092,-112.88295,2024-04-03 20:52:20.651,-0.01,-1.0
106,38.50014,-112.88314,2024-04-03 20:53:16.442,-0.91,-1.0
107,38.50225,-112.88338,2024-04-03 20:57:10.598,-0.9,-1.0
108,38.50083,-112.88295,2024-04-03 20:58:31.515,-0.39,-1.0
109,38.50287,-112.88289,2024-04-03 21:00:42.070,-0.68,-1.0
110,38.50223,-112.88324,2024-04-03 21:07:15.004,-0.52,-1.0
111,38.50257,-112.88282,2024-04-03 21:15:37.809,-0.26,-1.0
112,38.50063,-112.88387,2024-04-03 21:20:44.422,-0.92,-1.0
113,38.5005,-112.88411,2024-04-03 21:21:14.769,-0.59,-1.0
114,38.5008,-112.883,2024-04-03 21:32:16.009,-0.64,-1.0
115,38.50142,-112.88281,2024-04-03 21:33:55.562,-0.58,-1.0
116,38.50153,-112.88293,2024-04-03 21:34:45.399,-0.43,-1.0
117,38.50104,-112.88292,2024-04-03 21:38:40.395,-0.99,-1.0
118,38.49977,-112.88363,2024-04-03 21:38:58.758,-0.65,-1.0
119,38.50145,-112.88302,2024-04-03 21:55:52.249,-0.94,-1.0
120,38.49905,-112.88418,2024-04-03 21:56:31.664,-0.57,-1.0
121,38.49997,-112.88336,2024-04-03 21:59:54.869,-0.91,-1.0
122,38.50059,-112.88299,2024-04-03 22:05:06.691,-0.7,-1.0
123,38.49984,-112.88326,2024-04-03 22:11:20.660,-0.96,-1.0
124,38.4999,-112.88318,2024-04-03 22:11:38.042,-0.68,-1.0
125,38.50082,-112.8839,2024-04-03 22:24:05.701,-0.97,-1.0
126,38.50128,-112.88295,2024-04-03 22:30:52.509,-0.92,-1.0
127,38.5008,-112.883,2024-04-03 22:33:04.830,-0.72,-1.0
128,38.50028,-112.883,2024-04-03 22:35:03.884,-0.71,-1.0
129,38.49983,-112.88337,2024-04-03 22:35:44.109,-0.93,-1.0
130,38.50014,-112.88314,2024-04-03 22:36:41.148,-0.14,-1.0
131,38.49978,-112.88326,2024-04-03 22:42:14.776,-0.93,-1.0
132,38.50004,-112.8833,2024-04-03 22:46:51.747,-0.4,-1.0
133,38.49968,-112.88331,2024-04-03 22:56:37.186,0.1,-1.0
134,38.50145,-112.88299,2024-04-03 22:58:16.420,-0.48,-1.0
135,38.4999,-112.8842,2024-04-03 22:59:15.738,-0.81,-1.0
136,38.49977,-112.88358,2024-04-03 23:10:46.262,-0.98,-1.0
137,38.50135,-112.88281,2024-04-03 23:16:24.101,-0.95,-1.0
138,38.50023,-112.88304,2024-04-03 23:18:57.336,-0.99,-1.0
139,38.5001,-112.8833,2024-04-03 23:34:30.986,-0.8,-1.0
140,38.50153,-112.88344,2024-04-03 23:42:50.912,-0.95,-1.0
141,38.50257,-112.88282,2024-04-03 23:45:41.118,-0.27,-1.0
142,38.4998,-112.88337,2024-04-03 23:49:50.337,-0.08,-1.0
143,38.50263,-112.88272,2024-04-04 00:08:41.640,-0.07,-1.0
144,38.50084,-112.88295,2024-04-04 00:30:44.061,-0.65,-1.0
145,38.50063,-112.8839,2024-04-04 00:31:00.297,-0.7,-1.0
146,38.49977,-112.88359,2024-04-04 00:40:31.519,-0.66,-1.0
147,38.50031,-112.88395,2024-04-04 00:43:01.991,-0.6,-1.0
148,38.49962,-112.88384,2024-04-04 00:44:59.668,-0.41,-1.0
149,38.50145,-112.88299,2024-04-04 00:47:49.070,-0.85,-1.0
150,38.49966,-112.88339,2024-04-04 00:50:55.645,-0.2,-1.0
151,38.501,-112.88295,2024-04-04 00:54:36.386,-0.61,-1.0
152,38.49986,-112.88359,2024-04-04 00:56:29.927,-0.86,-1.0
153,38.49993,-112.88376,2024-04-04 00:57:35.339,-0.88,-1.0
154,38.50048,-112.88399,2024-04-04 00:57:44.568,-0.76,-1.0
155,38.49988,-112.88379,2024-04-04 00:58:10.772,-0.71,-1.0
156,38.50074,-112.88296,2024-04-04 00:59:32.556,-0.87,-1.0
157,38.50063,-112.88395,2024-04-04 01:00:34.980,-0.87,-1.0
158,38.50287,-112.88289,2024-04-04 01:02:05.260,-0.9,-1.0
159,38.49976,-112.88339,2024-04-04 01:02:13.734,-0.68,-1.0
160,38.5013,-112.88311,2024-04-04 01:03:32.502,-0.6,-1.0
161,38.50281,-112.88289,2024-04-04 01:03:44.650,-0.93,-1.0
162,38.49962,-112.88331,2024-04-04 01:04:36.955,-0.84,-1.0
163,38.50143,-112.88299,2024-04-04 01:05:39.498,-0.92,-1.0
164,38.50085,-112.88295,2024-04-04 01:06:37.947,0.16,-1.0
165,38.50073,-112.88336,2024-04-04 01:07:44.841,-0.79,-1.0
166,38.50161,-112.88297,2024-04-04 01:08:27.590,-0.76,-1.0
167,38.50101,-112.88402,2024-04-04 01:08:56.107,-0.97,-1.0
168,38.50017,-112.88296,2024-04-04 01:10:09.095,-0.36,-1.0
169,38.49983,-112.88422,2024-04-04 01:14:54.665,-0.98,-1.0
170,38.50031,-112.88395,2024-04-04 01:15:06.841,-0.83,-1.0
171,38.50011,-112.88314,2024-04-04 01:15:46.401,-0.5,-1.0
172,38.50133,-112.88296,2024-04-04 01:16:57.695,-0.9,-1.0
173,38.50284,-112.88289,2024-04-04 01:19:31.558,-0.51,-1.0
174,38.5014,-112.88281,2024-04-04 01:19:49.127,-0.66,-1.0
175,38.50087,-112.88387,2024-04-04 01:21:07.033,-0.45,-1.0
176,38.50223,-112.88324,2024-04-04 01:25:17.513,-0.62,-1.0
177,38.50063,-112.88398,2024-04-04 01:25:23.702,-0.57,-1.0
178,38.49998,-112.88394,2024-04-04 01:25:34.693,-0.83,-1.0
179,38.50117,-112.88307,2024-04-04 01:26:44.512,-0.99,-1.0
180,38.49994,-112.8843,2024-04-04 01:27:25.498,-0.99,-1.0
181,38.5022,-112.8833,2024-04-04 01:27:43.408,-0.98,-1.0
182,38.50212,-112.88325,2024-04-04 01:28:37.559,-0.87,-1.0
183,38.50031,-112.88395,2024-04-04 01:28:44.968,-0.51,-1.0
184,38.49989,-112.88394,2024-04-04 01:29:31.031,-0.89,-1.0
185,38.50059,-112.88299,2024-04-04 01:29:49.973,-0.5,-1.0
186,38.50019,-112.883,2024-04-04 01:31:33.079,-0.92,-1.0
187,38.5013,-112.88311,2024-04-04 01:33:49.029,-0.91,-1.0
188,38.50063,-112.88393,2024-04-04 01:34:38.914,-0.89,-1.0
189,38.50145,-112.88299,2024-04-04 01:35:17.324,-0.52,-1.0
190,38.5014,-112.88299,2024-04-04 01:35:32.542,0.04,-1.0
191,38.50302,-112.88289,2024-04-04 01:35:48.856,-0.44,-1.0
192,38.50073,-112.88336,2024-04-04 01:36:11.447,-0.96,-1.0
193,38.49975,-112.88425,2024-04-04 01:39:52.880,-0.99,-1.0
194,38.5007,-112.88399,2024-04-04 01:41:30.924,-0.03,-1.0
195,38.50078,-112.88297,2024-04-04 01:41:47.769,-0.92,-1.0
196,38.50058,-112.88391,2024-04-04 01:41:51.648,-0.05,-1.0
197,38.50306,-112.88289,2024-04-04 01:42:44.030,-0.02,-1.0
198,38.50063,-112.88398,2024-04-04 01:45:15.959,-0.78,-1.0
199,38.50031,-112.88395,2024-04-04 01:45:22.892,-0.76,-1.0
200,38.50257,-112.88282,2024-04-04 01:47:31.409,-0.53,-1.0
201,38.50161,-112.88297,2024-04-04 01:50:02.618,-0.78,-1.0
202,38.50015,-112.88312,2024-04-04 01:51:23.193,-0.96,-1.0
203,38.50015,-112.88396,2024-04-04 01:52:04.153,-0.53,-1.0
204,38.50092,-112.88295,2024-04-04 01:53:29.881,-0.19,-1.0
205,38.50145,-112.88299,2024-04-04 01:54:33.540,-0.3,-1.0
206,38.49988,-112.8842,2024-04-04 01:55:52.967,-0.95,-1.0
207,38.50299,-112.88252,2024-04-04 01:56:08.271,-0.97,-1.0
208,38.49984,-112.8842,2024-04-04 01:58:20.736,-0.75,-1.0
209,38.50087,-112.88387,2024-04-04 02:00:05.953,-0.9,-1.0
210,38.50298,-112.88262,2024-04-04 02:00:18.737,-0.27,-1.0
211,38.50118,-112.88404,2024-04-04 02:00:46.838,-0.98,-1.0
212,38.50031,-112.88395,2024-04-04 02:01:43.974,-0.93,-1.0
213,38.50126,-112.88312,2024-04-04 02:02:23.702,-1.0,-1.0
214,38.50063,-112.88401,2024-04-04 02:02:55.690,-0.93,-1.0
215,38.50301,-112.88289,2024-04-04 02:03:29.781,-0.79,-1.0
216,38.50105,-112.88295,2024-04-04 02:04:12.127,-0.56,-1.0
217,38.5023,-112.88269,2024-04-04 02:05:29.271,0.32,-1.0
218,38.50263,-112.88253,2024-04-04 02:09:03.151,-0.77,-1.0
219,38.50223,-112.88324,2024-04-04 02:10:00.233,-0.08,-1.0
220,38.5005,-112.88411,2024-04-04 02:11:11.961,-0.78,-1.0
221,38.49933,-112.88354,2024-04-04 02:12:08.890,-0.44,-1.0
222,38.50095,-112.88328,2024-04-04 02:12:55.632,-0.01,-1.0
223,38.50066,-112.88404,2024-04-04 02:15:24.560,-0.95,-1.0
224,38.49987,-112.88327,2024-04-04 02:17:05.607,-0.94,-1.0
225,38.49992,-112.8842,2024-04-04 02:18:33.424,-0.99,-1.0
226,38.49974,-112.88328,2024-04-04 02:19:08.164,-0.7,-1.0
227,38.50087,-112.88392,2024-04-04 02:19:15.522,-0.82,-1.0
228,38.50106,-112.88399,2024-04-04 02:20:02.651,-0.09,-1.0
229,38.49989,-112.8837,2024-04-04 02:21:47.647,-0.86,-1.0
230,38.50129,-112.88296,2024-04-04 02:23:52.465,-0.73,-1.0
231,38.5008,-112.883,2024-04-04 02:24:07.723,-0.41,-1.0
232,38.50295,-112.88289,2024-04-04 02:26:02.967,-0.59,-1.0
233,38.50059,-112.88299,2024-04-04 02:26:12.591,-0.54,-1.0
234,38.50116,-112.88301,2024-04-04 02:26:24.964,-0.9,-1.0
235,38.50037,-112.883,2024-04-04 02:27:47.406,-0.82,-1.0
236,38.5002,-112.88304,2024-04-04 02:28:46.952,-0.69,-1.0
237,38.50263,-112.88272,2024-04-04 02:29:32.151,-0.51,-1.0
238,38.50048,-112.88311,2024-04-04 02:29:39.580,-0.84,-1.0
239,38.50157,-112.8839,2024-04-04 02:30:14.438,-0.76,-1.0
240,38.50125,-112.88404,2024-04-04 02:31:03.912,-0.7,-1.0
241,38.50116,-112.88396,2024-04-04 02:33:40.302,-0.11,-1.0
242,38.50117,-112.88396,2024-04-04 02:33:45.575,-0.07,-1.0
243,38.50191,-112.88312,2024-04-04 02:35:00.390,-0.92,-1.0
244,38.50143,-112.88299,2024-04-04 02:35:37.511,-0.71,-1.0
245,38.50142,-112.88281,2024-04-04 02:35:46.114,-0.88,-1.0
246,38.50011,-112.88314,2024-04-04 02:35:54.031,-0.37,-1.0
247,38.49933,-112.88354,2024-04-04 02:36:37.253,-0.28,-1.0
248,38.50157,-112.8839,2024-04-04 02:37:32.290,-0.8,-1.0
249,38.5008,-112.88248,2024-04-04 02:39:44.604,-0.69,-1.0
250,38.5007,-112.88399,2024-04-04 02:40:46.186,0.01,-1.0
251,38.49986,-112.8842,2024-04-04 02:40:54.262,-0.99,-1.0
252,38.50145,-112.88323,2024-04-04 02:43:56.751,-0.84,-1.0
253,38.49963,-112.88393,2024-04-04 02:45:31.310,-0.77,-1.0
254,38.50106,-112.88292,2024-04-04 02:46:09.036,-0.93,-1.0
255,38.50219,-112.88317,2024-04-04 02:46:57.377,-0.78,-1.0
256,38.50129,-112.88408,2024-04-04 02:47:50.870,-0.75,-1.0
257,38.50092,-112.88295,2024-04-04 02:48:16.939,-0.19,-1.0
258,38.50082,-112.88384,2024-04-04 02:48:25.770,-0.9,-1.0
259,38.50063,-112.88394,2024-04-04 02:48:35.413,-0.91,-1.0
260,38.50257,-112.88282,2024-04-04 02:49:08.484,-0.22,-1.0
261,38.50144,-112.88286,2024-04-04 02:51:01.781,-0.23,-1.0
262,38.50306,-112.88292,2024-04-04 02:51:11.796,-0.89,-1.0
263,38.49997,-112.88329,2024-04-04 02:53:03.065,-0.8,-1.0
264,38.50106,-112.88295,2024-04-04 02:53:37.357,-0.37,-1.0
265,38.49982,-112.88422,2024-04-04 02:56:01.207,-0.46,-1.0
266,38.50304,-112.88262,2024-04-04 02:57:39.371,-0.98,-1.0
267,38.50298,-112.88262,2024-04-04 02:59:00.648,-0.44,-1.0
268,38.50306,-112.88295,2024-04-04 02:59:41.013,-0.75,-1.0
269,38.50263,-112.88253,2024-04-04 03:01:08.928,-0.67,-1.0
270,38.50157,-112.8839,2024-04-04 03:05:30.936,-0.31,-1.0
271,38.50083,-112.88295,2024-04-04 03:06:10.138,-0.66,-1.0
272,38.50283,-112.88252,2024-04-04 03:11:14.562,-0.64,-1.0
273,38.50007,-112.88326,2024-04-04 03:11:35.461,-0.94,-1.0
274,38.50112,-112.88396,2024-04-04 03:18:04.565,-0.55,-1.0
275,38.50122,-112.884,2024-04-04 03:18:47.167,-0.91,-1.0
276,38.50257,-112.88272,2024-04-04 03:18:51.608,-0.39,-1.0
277,38.503,-112.88289,2024-04-04 03:19:23.419,-0.75,-1.0
278,38.5014,-112.88408,2024-04-04 03:21:53.257,-0.98,-1.0
279,38.50307,-112.88293,2024-04-04 03:22:06.360,-0.51,-1.0
280,38.5014,-112.88404,2024-04-04 03:22:57.352,-0.27,-1.0
281,38.50297,-112.88262,2024-04-04 03:23:17.276,-0.78,-1.0
282,38.49994,-112.8843,2024-04-04 03:25:32.695,-0.59,-1.0
283,38.503,-112.88288,2024-04-04 03:26:29.362,-0.31,-1.0
284,38.50112,-112.88399,2024-04-04 03:29:01.122,-0.35,-1.0
285,38.49956,-112.88377,2024-04-04 03:30:17.650,-0.5,-1.0
286,38.50142,-112.88281,2024-04-04 03:35:45.562,-0.66,-1.0
287,38.50157,-112.8839,2024-04-04 03:36:13.080,-0.77,-1.0
288,38.50286,-112.88252,2024-04-04 03:37:28.116,0.21,-1.0
289,38.50157,-112.88282,2024-04-04 03:41:45.901,-0.98,-1.0
290,38.49914,-112.88364,2024-04-04 03:45:50.477,-0.84,-1.0
291,38.50296,-112.88252,2024-04-04 03:45:53.659,-0.07,-1.0
292,38.50141,-112.88324,2024-04-04 03:49:33.249,-0.95,-1.0
293,38.499,-112.88374,2024-04-04 03:51:04.598,-0.29,-1.0
294,38.49933,-112.88354,2024-04-04 03:52:33.582,-0.28,-1.0
295,38.50102,-112.8842,2024-04-04 03:53:29.088,-0.77,-1.0
296,38.49981,-112.88337,2024-04-04 04:00:23.238,-0.94,-1.0
297,38.50298,-112.88262,2024-04-04 04:00:46.942,-0.61,-1.0
298,38.49994,-112.88307,2024-04-04 04:02:34.389,0.04,-1.0
299,38.50275,-112.88257,2024-04-04 04:09:37.148,-0.75,-1.0
300,38.50121,-112.88417,2024-04-04 04:10:06.413,-0.63,-1.0
301,38.49968,-112.88307,2024-04-04 04:13:12.705,-0.7,-1.0
302,38.50012,-112.88314,2024-04-04 04:16:15.293,-0.94,-1.0
303,38.50008,-112.88314,2024-04-04 04:16:18.903,-0.66,-1.0
304,38.50119,-112.88397,2024-04-04 04:18:02.418,-0.9,-1.0
305,38.50082,-112.88296,2024-04-04 04:19:49.357,-0.94,-1.0
306,38.49962,-112.88331,2024-04-04 04:23:45.457,-0.46,-1.0
307,38.49947,-112.88449,2024-04-04 04:24:26.714,-0.27,-1.0
308,38.5008,-112.883,2024-04-04 04:37:04.248,-0.65,-1.0
309,38.50104,-112.88396,2024-04-04 04:42:39.883,-0.52,-1.0
310,38.50144,-112.88286,2024-04-04 04:43:42.114,-0.53,-1.0
311,38.49966,-112.88339,2024-04-04 04:53:49.360,-0.9,-1.0
312,38.4998,-112.88337,2024-04-04 05:03:54.725,-0.41,-1.0
313,38.49926,-112.88337,2024-04-04 05:04:49.720,-0.64,-1.0
314,38.49943,-112.88354,2024-04-04 05:04:58.228,-0.51,-1.0
315,38.49933,-112.88354,2024-04-04 05:17:22.493,-0.59,-1.0
316,38.5023,-112.88269,2024-04-04 05:18:44.000,0.09,-1.0
317,38.50109,-112.88389,2024-04-04 05:28:59.976,-0.87,-1.0
318,38.50291,-112.8826,2024-04-04 05:33:40.749,-0.94,-1.0
319,38.50144,-112.88286,2024-04-04 05:36:57.307,-0.92,-1.0
320,38.49959,-112.88312,2024-04-04 05:45:06.602,-0.21,-1.0
321,38.50144,-112.88286,2024-04-04 05:48:06.181,-0.19,-1.0
322,38.50049,-112.88295,2024-04-04 05:53:28.967,-0.78,-1.0
323,38.49939,-112.88353,2024-04-04 05:58:24.263,-0.9,-1.0
324,38.50297,-112.88252,2024-04-04 06:04:36.315,-0.71,-1.0
325,38.50117,-112.88413,2024-04-04 06:10:09.737,-0.74,-1.0
326,38.49925,-112.88356,2024-04-04 06:20:19.654,-0.98,-1.0
327,38.49927,-112.88349,2024-04-04 06:21:12.668,-0.66,-1.0
328,38.50306,-112.88289,2024-04-04 06:26:40.491,-0.49,-1.0
329,38.5026,-112.88278,2024-04-04 06:29:38.927,-0.96,-1.0
330,38.49898,-112.88362,2024-04-04 06:36:55.647,-0.26,-1.0
331,38.49918,-112.88356,2024-04-04 06:50:31.231,-0.89,-1.0
332,38.5027,-112.88256,2024-04-04 06:56:27.565,-0.74,-1.0
333,38.50115,-112.88417,2024-04-04 06:59:39.889,-0.54,-1.0
334,38.49933,-112.88354,2024-04-04 07:01:23.774,-0.42,-1.0
335,38.49929,-112.88356,2024-04-04 07:06:42.684,-0.88,-1.0
336,38.50298,-112.88262,2024-04-04 07:07:57.582,0.21,-1.0
337,38.50087,-112.88385,2024-04-04 07:11:06.238,-0.87,-1.0
338,38.50087,-112.88379,2024-04-04 07:12:33.622,-0.78,-1.0
339,38.50076,-112.88395,2024-04-04 07:15:14.117,0.11,-1.0
340,38.50104,-112.88396,2024-04-04 07:18:01.676,-0.23,-1.0
341,38.50087,-112.88382,2024-04-04 07:19:47.281,-0.84,-1.0
342,38.50087,-112.88382,2024-04-04 07:20:39.948,-0.89,-1.0
343,38.5011,-112.88393,2024-04-04 07:21:38.609,-0.01,-1.0
344,38.5014,-112.88404,2024-04-04 07:23:38.740,-0.49,-1.0
345,38.50101,-112.88396,2024-04-04 07:25:30.159,-0.75,-1.0
346,38.50277,-112.88273,2024-04-04 07:25:46.045,0.28,-1.0
347,38.50169,-112.88362,2024-04-04 07:26:01.390,-0.78,-1.0
348,38.50302,-112.88256,2024-04-04 07:26:09.588,-0.96,-1.0
349,38.50082,-112.88398,2024-04-04 07:26:33.127,-0.94,-1.0
350,38.50288,-112.88255,2024-04-04 07:27:48.645,-0.73,-1.0
351,38.5015,-112.88389,2024-04-04 07:28:01.769,-0.89,-1.0
352,38.50117,-112.88408,2024-04-04 07:28:24.694,-0.77,-1.0
353,38.50287,-112.88252,2024-04-04 07:28:28.754,-0.98,-1.0
354,38.49947,-112.88449,2024-04-04 07:28:32.359,-0.87,-1.0
355,38.50192,-112.88397,2024-04-04 07:28:46.006,-0.46,-1.0
356,38.50163,-112.88384,2024-04-04 07:30:50.789,-0.97,-1.0
357,38.50104,-112.88396,2024-04-04 07:30:57.713,-0.05,-1.0
358,38.5011,-112.88393,2024-04-04 07:31:07.314,-0.39,-1.0
359,38.50154,-112.88382,2024-04-04 07:33:05.428,-0.59,-1.0
360,38.49883,-112.88374,2024-04-04 07:34:38.172,-0.74,-1.0
361,38.50109,-112.88392,2024-04-04 07:36:35.793,-0.87,-1.0
362,38.5014,-112.88404,2024-04-04 07:37:04.016,0.19,-1.0
363,38.50076,-112.88395,2024-04-04 07:37:55.604,0.13,-1.0
364,38.50104,-112.88396,2024-04-04 07:38:25.673,-0.56,-1.0
365,38.5011,-112.88393,2024-04-04 07:39:52.467,-0.37,-1.0
366,38.50154,-112.88382,2024-04-04 07:40:39.939,-0.72,-1.0
367,38.50174,-112.88411,2024-04-04 07:40:50.489,-0.7,-1.0
368,38.50102,-112.8842,2024-04-04 07:41:35.415,-0.93,-1.0
369,38.50063,-112.88388,2024-04-04 07:42:04.659,-0.59,-1.0
370,38.50104,-112.88396,2024-04-04 07:44:03.669,-0.27,-1.0
371,38.50152,-112.88343,2024-04-04 07:44:22.963,-0.87,-1.0
372,38.50138,-112.88325,2024-04-04 07:45:58.202,-0.66,-1.0
373,38.50107,-112.88396,2024-04-04 07:47:26.016,-0.86,-1.0
374,38.50087,-112.88295,2024-04-04 07:47:30.482,-0.61,-1.0
375,38.50089,-112.88295,2024-04-04 07:48:08.131,-0.43,-1.0
376,38.50189,-112.88397,2024-04-04 07:48:17.328,-0.82,-1.0
377,38.50084,-112.88295,2024-04-04 07:48:35.851,-0.74,-1.0
378,38.50155,-112.88382,2024-04-04 07:49:51.925,-0.94,-1.0
379,38.50118,-112.88408,2024-04-04 07:50:48.280,0.67,-1.0
380,38.5011,-112.88393,2024-04-04 07:53:19.905,-0.55,-1.0
381,38.50219,-112.88323,2024-04-04 07:55:21.388,-0.77,-1.0
382,38.5016,-112.88418,2024-04-04 07:56:04.968,-0.61,-1.0
383,38.50188,-112.88397,2024-04-04 07:56:39.210,-0.7,-1.0
384,38.50076,-112.88395,2024-04-04 07:59:01.241,-0.02,-1.0
385,38.50059,-112.88299,2024-04-04 07:59:40.366,-0.64,-1.0
386,38.50178,-112.88412,2024-04-04 08:00:02.318,0.12,-1.0
387,38.50031,-112.88387,2024-04-04 08:03:51.097,-0.91,-1.0
388,38.50161,-112.88302,2024-04-04 08:04:32.386,-0.54,-1.0
389,38.50112,-112.88391,2024-04-04 08:04:43.103,-0.94,-1.0
390,38.501,-112.88287,2024-04-04 08:05:23.531,-0.69,-1.0
391,38.5014,-112.88404,2024-04-04 08:06:49.080,0.08,-1.0
392,38.50157,-112.88381,2024-04-04 08:06:54.890,-0.95,-1.0
393,38.50195,-112.88397,2024-04-04 08:08:50.077,-0.86,-1.0
394,38.50104,-112.88396,2024-04-04 08:13:00.006,-0.29,-1.0
395,38.50138,-112.88325,2024-04-04 08:14:01.488,-0.81,-1.0
396,38.5017,-112.88415,2024-04-04 08:16:48.002,-0.3,-1.0
397,38.50027,-112.88391,2024-04-04 08:17:05.071,-1.0,-1.0
398,38.50194,-112.88397,2024-04-04 08:17:22.418,-0.8,-1.0
399,38.50076,-112.88395,2024-04-04 08:18:01.086,-0.13,-1.0
400,38.50015,-112.88396,2024-04-04 08:18:51.866,-0.5,-1.0
401,38.50197,-112.88329,2024-04-04 08:19:42.296,-0.88,-1.0
402,38.5022,-112.8836,2024-04-04 08:20:55.297,-0.64,-1.0
403,38.50156,-112.88383,2024-04-04 08:21:03.432,-0.96,-1.0
404,38.50306,-112.88289,2024-04-04 08:21:54.997,0.09,-1.0
405,38.50226,-112.88331,2024-04-04 08:22:35.567,0.14,-1.0
406,38.49988,-112.88379,2024-04-04 08:23:12.940,-0.7,-1.0
407,38.50037,-112.88442,2024-04-04 08:24:02.023,-0.82,-1.0
408,38.49982,-112.88422,2024-04-04 08:24:51.112,-0.15,-1.0
409,38.49976,-112.8838,2024-04-04 08:25:24.196,-0.78,-1.0
410,38.50104,-112.88396,2024-04-04 08:26:43.118,-0.47,-1.0
411,38.50006,-112.88314,2024-04-04 08:29:15.439,-0.88,-1.0
412,38.49968,-112.88331,2024-04-04 08:29:49.858,-0.23,-1.0
413,38.50181,-112.88407,2024-04-04 08:29:58.159,-0.26,-1.0
414,38.50111,-112.88388,2024-04-04 08:30:01.809,-0.78,-1.0
415,38.50184,-112.88405,2024-04-04 08:31:25.270,0.44,-1.0
416,38.49976,-112.88322,2024-04-04 08:32:43.507,-0.4,-1.0
417,38.50163,-112.88333,2024-04-04 08:32:50.812,-0.59,-1.0
418,38.50175,-112.88334,2024-04-04 08:34:30.383,-0.99,-1.0
419,38.50026,-112.88438,2024-04-04 08:34:34.344,-0.79,-1.0
420,38.5022,-112.8836,2024-04-04 08:35:02.343,-0.97,-1.0
421,38.50227,-112.88331,2024-04-04 08:35:14.615,-0.9,-1.0
422,38.50043,-112.88434,2024-04-04 08:38:30.324,-0.98,-1.0
423,38.50081,-112.88295,2024-04-04 08:39:14.690,-0.35,-1.0
424,38.50027,-112.88449,2024-04-04 08:39:40.743,-0.93,-1.0
425,38.50194,-112.88273,2024-04-04 08:40:20.938,-0.78,-1.0
426,38.50138,-112.88325,2024-04-04 08:40:45.180,-0.7,-1.0
427,38.50173,-112.88408,2024-04-04 08:41:14.572,-0.42,-1.0
428,38.5014,-112.88404,2024-04-04 08:41:32.038,0.26,-1.0
429,38.50204,-112.88391,2024-04-04 08:41:43.142,-0.61,-1.0
430,38.50118,-112.88408,2024-04-04 08:41:45.960,0.34,-1.0
431,38.49996,-112.88316,2024-04-04 08:42:48.497,-0.98,-1.0
432,38.49947,-112.88449,2024-04-04 08:43:06.859,-0.41,-1.0
433,38.50039,-112.88444,2024-04-04 08:43:11.510,-0.37,-1.0
434,38.5023,-112.88269,2024-04-04 08:43:38.100,0.11,-1.0
435,38.50173,-112.88401,2024-04-04 08:43:56.313,-0.9,-1.0
436,38.50016,-112.88428,2024-04-04 08:46:31.408,-0.98,-1.0
437,38.49923,-112.88362,2024-04-04 08:48:36.023,-0.87,-1.0
438,38.50128,-112.88328,2024-04-04 08:48:39.247,-0.98,-1.0
439,38.50171,-112.88338,2024-04-04 08:49:28.172,-0.92,-1.0
440,38.50064,-112.88062,2024-04-04 08:49:38.725,-0.67,-1.0
441,38.50248,-112.88337,2024-04-04 08:50:30.576,-0.83,-1.0
442,38.50076,-112.88395,2024-04-04 08:50:37.754,-0.46,-1.0
443,38.5028,-112.88258,2024-04-04 08:51:04.592,-0.91,-1.0
444,38.49994,-112.8843,2024-04-04 08:51:32.828,-0.95,-1.0
445,38.50107,-112.88119,2024-04-04 08:53:56.596,-0.12,-1.0
446,38.50157,-112.88313,2024-04-04 08:54:15.419,-0.98,-1.0
447,38.50229,-112.88331,2024-04-04 08:54:30.616,-0.38,-1.0
448,38.50176,-112.88407,2024-04-04 08:55:27.703,-0.13,-1.0
449,38.50178,-112.88412,2024-04-04 08:56:07.793,0.28,-1.0
450,38.50201,-112.88396,2024-04-04 08:56:27.332,-0.1,-1.0
451,38.50059,-112.88298,2024-04-04 08:59:13.880,-0.25,-1.0
452,38.5016,-112.88418,2024-04-04 08:59:23.449,-0.55,-1.0
453,38.50215,-112.88388,2024-04-04 09:00:09.321,-0.96,-1.0
454,38.50014,-112.88422,2024-04-04 09:00:42.797,-0.99,-1.0
455,38.50104,-112.88396,2024-04-04 09:01:10.809,-0.52,-1.0
456,38.50181,-112.88407,2024-04-04 09:02:50.380,-0.39,-1.0
457,38.5017,-112.88415,2024-04-04 09:02:55.875,-0.66,-1.0
458,38.50263,-112.88353,2024-04-04 09:03:12.467,-0.07,-1.0
459,38.50261,-112.88272,2024-04-04 09:07:02.682,-0.61,-1.0
460,38.50248,-112.88323,2024-04-04 09:07:25.253,-0.72,-1.0
461,38.49988,-112.88422,2024-04-04 09:07:49.357,-0.69,-1.0
462,38.49956,-112.88377,2024-04-04 09:09:11.699,0.3,-1.0
463,38.50194,-112.88397,2024-04-04 09:09:39.912,-0.81,-1.0
464,38.49982,-112.88422,2024-04-04 09:15:42.158,0.2,-1.0
465,38.49986,-112.88381,2024-04-04 09:15:59.976,-0.79,-1.0
466,38.50164,-112.88322,2024-04-04 09:17:20.094,-0.88,-1.0
467,38.50026,-112.88438,2024-04-04 09:18:04.920,-0.37,-1.0
468,38.5023,-112.88385,2024-04-04 09:18:23.251,-0.6,-1.0
469,38.50162,-112.88414,2024-04-04 09:19:38.187,-0.84,-1.0
470,38.502,-112.88397,2024-04-04 09:19:55.859,-0.36,-1.0
471,38.50651,-112.87763,2024-04-04 09:19:59.750,-0.48,-1.0
472,38.50079,-112.88437,2024-04-04 09:20:17.231,-0.75,-1.0
473,38.50197,-112.88396,2024-04-04 09:20:19.625,-0.37,-1.0
474,38.50227,-112.88331,2024-04-04 09:21:24.263,-0.65,-1.0
475,38.50014,-112.88422,2024-04-04 09:21:59.256,-0.83,-1.0
476,38.5017,-112.88415,2024-04-04 09:22:03.237,-0.37,-1.0
477,38.50257,-112.88364,2024-04-04 09:24:16.180,-0.77,-1.0
478,38.4995,-112.88409,2024-04-04 09:24:55.830,-0.95,-1.0
479,38.50262,-112.88346,2024-04-04 09:28:13.075,-0.4,-1.0
480,38.50268,-112.88316,2024-04-04 09:29:36.482,-0.82,-1.0
481,38.50178,-112.88412,2024-04-04 09:30:34.298,0.32,-1.0
482,38.50182,-112.88407,2024-04-04 09:30:40.390,-0.13,-1.0
483,38.50085,-112.88295,2024-04-04 09:33:37.266,-0.1,-1.0
484,38.50268,-112.8835,2024-04-04 09:33:54.091,0.38,-1.0
485,38.49909,-112.88354,2024-04-04 09:37:31.450,0.64,-1.0
486,38.50254,-112.88369,2024-04-04 09:37:57.608,-0.19,-1.0
487,38.50197,-112.88396,2024-04-04 09:40:12.112,-0.26,-1.0
488,38.5002,-112.88456,2024-04-04 09:40:17.877,-0.85,-1.0
489,38.50233,-112.88381,2024-04-04 09:42:33.140,-0.74,-1.0
490,38.49976,-112.88303,2024-04-04 09:42:41.045,-0.55,-1.0
491,38.50201,-112.88396,2024-04-04 09:44:44.528,-0.43,-1.0
492,38.50278,-112.88346,2024-04-04 09:45:21.847,-0.54,-1.0
493,38.50198,-112.884,2024-04-04 09:45:31.428,-0.55,-1.0
494,38.50344,-112.88259,2024-04-04 09:45:55.953,-0.63,-1.0
495,38.49947,-112.88449,2024-04-04 09:47:05.747,-0.76,-1.0
496,38.50307,-112.88262,2024-04-04 09:47:54.059,-0.08,-1.0
497,38.50027,-112.88449,2024-04-04 09:48:08.262,0.27,-1.0
498,38.50287,-112.88468,2024-04-04 09:49:33.670,-0.66,-1.0
499,38.50169,-112.88419,2024-04-04 09:49:51.485,-0.86,-1.0
500,38.49904,-112.88354,2024-04-04 09:50:17.679,-0.67,-1.0
501,38.50261,-112.88325,2024-04-04 09:52:21.355,-0.7,-1.0
502,38.4999,-112.88313,2024-04-04 09:53:24.251,-0.91,-1.0
503,38.50182,-112.88407,2024-04-04 09:55:45.767,0.1,-1.0
504,38.50031,-112.88303,2024-04-04 09:59:29.932,-0.91,-1.0
505,38.50256,-112.88366,2024-04-04 10:00:02.905,-0.54,-1.0
506,38.50207,-112.88387,2024-04-04 10:00:15.483,-0.99,-1.0
507,38.49966,-112.88385,2024-04-04 10:01:43.632,-0.86,-1.0
508,38.50257,-112.88365,2024-04-04 10:02:11.721,-0.89,-1.0
509,38.50257,-112.88364,2024-04-04 10:02:56.377,-0.93,-1.0
510,38.50281,-112.88351,2024-04-04 10:05:40.928,-0.82,-1.0
511,38.5017,-112.88415,2024-04-04 10:07:39.271,-0.69,-1.0
512,38.50198,-112.884,2024-04-04 10:10:57.669,-0.37,-1.0
513,38.50293,-112.88334,2024-04-04 10:11:21.782,-0.81,-1.0
514,38.50213,-112.88388,2024-04-04 10:11:25.624,-0.89,-1.0
515,38.50037,-112.88461,2024-04-04 10:11:28.685,-0.89,-1.0
516,38.50051,-112.88451,2024-04-04 10:12:59.245,-0.24,-1.0
517,38.5023,-112.88385,2024-04-04 10:13:11.348,-0.66,-1.0
518,38.49986,-112.88321,2024-04-04 10:14:39.388,-0.96,-1.0
519,38.5029,-112.88347,2024-04-04 10:15:32.803,-0.85,-1.0
520,38.50253,-112.88366,2024-04-04 10:16:14.997,-0.91,-1.0
521,38.50201,-112.88396,2024-04-04 10:18:04.958,-0.7,-1.0
522,38.50248,-112.88372,2024-04-04 10:18:27.335,-0.01,-1.0
523,38.50283,-112.88252,2024-04-04 10:20:30.603,-0.85,-1.0
524,38.50231,-112.88371,2024-04-04 10:21:44.273,-0.66,-1.0
525,38.50237,-112.88381,2024-04-04 10:22:53.680,-0.61,-1.0
526,38.49898,-112.88362,2024-04-04 10:25:05.225,-0.36,-1.0
527,38.49933,-112.88354,2024-04-04 10:25:53.757,-0.13,-1.0
528,38.50197,-112.88396,2024-04-04 10:26:33.494,-0.02,-1.0
529,38.50071,-112.88311,2024-04-04 10:26:52.186,-0.98,-1.0
530,38.50285,-112.88347,2024-04-04 10:29:19.635,-0.49,-1.0
531,38.50272,-112.88294,2024-04-04 10:31:57.691,-0.76,-1.0
532,38.5026,-112.8837,2024-04-04 10:32:21.202,-0.69,-1.0
533,38.50182,-112.88407,2024-04-04 10:32:56.377,0.03,-1.0
534,38.50298,-112.88338,2024-04-04 10:33:38.613,-0.92,-1.0
535,38.49981,-112.88337,2024-04-04 10:37:40.779,-0.89,-1.0
536,38.49967,-112.88362,2024-04-04 10:38:06.684,-0.94,-1.0
537,38.50256,-112.88366,2024-04-04 10:38:23.433,-0.86,-1.0
538,38.50254,-112.88369,2024-04-04 10:40:09.586,-0.48,-1.0
539,38.50257,-112.88365,2024-04-04 10:43:52.709,-0.81,-1.0
540,38.50198,-112.884,2024-04-04 10:47:47.044,-0.58,-1.0
541,38.50301,-112.88334,2024-04-04 10:48:37.486,-0.51,-1.0
542,38.50294,-112.88334,2024-04-04 10:49:44.014,-0.97,-1.0
543,38.50201,-112.88396,2024-04-04 10:50:00.781,-0.17,-1.0
544,38.50302,-112.88332,2024-04-04 10:50:27.593,-0.38,-1.0
545,38.50278,-112.88346,2024-04-04 10:52:25.071,-0.26,-1.0
546,38.50331,-112.8807,2024-04-04 10:53:18.424,-0.23,-1.0
547,38.50285,-112.88257,2024-04-04 10:53:43.584,-0.14,-1.0
548,38.49986,-112.88312,2024-04-04 10:54:45.628,-0.95,-1.0
549,38.50178,-112.88412,2024-04-04 10:55:58.632,-0.14,-1.0
550,38.50285,-112.88347,2024-04-04 11:00:48.260,-0.6,-1.0
551,38.50232,-112.88383,2024-04-04 11:01:21.163,-0.86,-1.0
552,38.50252,-112.88363,2024-04-04 11:01:55.658,-0.98,-1.0
553,38.50248,-112.88373,2024-04-04 11:04:26.034,0.64,-1.0
554,38.50235,-112.8838,2024-04-04 11:04:44.942,-0.6,-1.0
555,38.50283,-112.88252,2024-04-04 11:06:29.936,-0.88,-1.0
556,38.50201,-112.88394,2024-04-04 11:09:57.376,-0.87,-1.0
557,38.50276,-112.88348,2024-04-04 11:10:17.471,-0.7,-1.0
558,38.50272,-112.88257,2024-04-04 11:10:34.625,-0.99,-1.0
559,38.50231,-112.88371,2024-04-04 11:11:27.452,-0.07,-1.0
560,38.50241,-112.88367,2024-04-04 11:11:29.860,-0.31,-1.0
561,38.50194,-112.88273,2024-04-04 11:11:49.057,-0.67,-1.0
562,38.50182,-112.88407,2024-04-04 11:12:10.452,-0.45,-1.0
563,38.499,-112.88374,2024-04-04 11:13:31.507,-0.52,-1.0
564,38.50255,-112.88365,2024-04-04 11:15:21.068,-0.44,-1.0
565,38.50261,-112.88325,2024-04-04 11:16:07.294,-0.9,-1.0
566,38.50198,-112.884,2024-04-04 11:27:19.591,-0.57,-1.0
567,38.50247,-112.8836,2024-04-04 11:32:19.255,-0.77,-1.0
568,38.50267,-112.88354,2024-04-04 11:33:16.957,-0.15,-1.0
569,38.49933,-112.88354,2024-04-04 11:34:29.843,-0.78,-1.0
570,38.50133,-112.88407,2024-04-04 11:36:10.108,-0.52,-1.0
571,38.50282,-112.8834,2024-04-04 11:37:23.360,-0.47,-1.0
572,38.50197,-112.88396,2024-04-04 11:37:39.611,-0.22,-1.0
573,38.50367,-112.88231,2024-04-04 11:38:40.061,-0.87,-1.0
574,38.50301,-112.88334,2024-04-04 11:44:25.180,-0.34,-1.0
575,38.50055,-112.88451,2024-04-04 11:45:19.243,-0.21,-1.0
576,38.50307,-112.88285,2024-04-04 11:46:09.906,-0.76,-1.0
577,38.5035,-112.88269,2024-04-04 11:51:04.495,-0.89,-1.0
578,38.49929,-112.88354,2024-04-04 11:53:03.050,-0.56,-1.0
579,38.49923,-112.88354,2024-04-04 11:53:23.248,-0.49,-1.0
580,38.50256,-112.88366,2024-04-04 12:03:36.574,-0.45,-1.0
581,38.50258,-112.88354,2024-04-04 12:08:44.598,0.0,-1.0
582,38.50234,-112.88366,2024-04-04 12:13:44.275,-0.6,-1.0
583,38.50301,-112.88337,2024-04-04 12:16:52.988,-0.81,-1.0
584,38.50287,-112.88341,2024-04-04 12:16:56.898,-0.95,-1.0
585,38.50144,-112.88286,2024-04-04 12:20:50.784,-0.8,-1.0
586,38.50234,-112.8837,2024-04-04 12:23:15.696,-0.8,-1.0
587,38.50092,-112.88433,2024-04-04 12:25:26.474,-0.74,-1.0
588,38.4997,-112.88318,2024-04-04 12:35:09.273,-0.85,-1.0
589,38.49973,-112.88314,2024-04-04 12:39:10.871,-0.02,-1.0
590,38.50247,-112.8836,2024-04-04 12:41:54.397,-0.6,-1.0
591,38.5026,-112.88401,2024-04-04 12:42:13.835,-0.9,-1.0
592,38.50237,-112.88381,2024-04-04 12:42:23.087,-0.62,-1.0
593,38.5025,-112.88366,2024-04-04 12:42:27.638,-0.41,-1.0
594,38.50254,-112.88283,2024-04-04 12:44:36.922,-0.97,-1.0
595,38.49932,-112.88356,2024-04-04 12:47:03.850,-0.37,-1.0
596,38.50199,-112.88398,2024-04-04 12:49:49.988,-0.21,-1.0
597,38.50242,-112.88369,2024-04-04 12:51:27.807,-0.19,-1.0
598,38.49943,-112.88353,2024-04-04 12:58:03.421,-0.28,-1.0
599,38.50266,-112.88361,2024-04-04 13:02:03.634,-0.55,-1.0
600,38.50277,-112.88354,2024-04-04 13:02:17.817,-0.9,-1.0
601,38.50264,-112.883,2024-04-04 13:10:16.210,-0.95,-1.0
602,38.5013,-112.88292,2024-04-04 13:11:08.780,-0.77,-1.0
603,38.5026,-112.88373,2024-04-04 13:11:59.864,-0.95,-1.0
604,38.50233,-112.88371,2024-04-04 13:14:10.071,-0.57,-1.0
605,38.50271,-112.88354,2024-04-04 13:27:55.103,-0.91,-1.0
606,38.5024,-112.88368,2024-04-04 13:31:42.347,-0.53,-1.0
607,38.49917,-112.8836,2024-04-04 13:33:26.285,-0.68,-1.0
608,38.50339,-112.88285,2024-04-04 13:40:08.507,-0.93,-1.0
609,38.50236,-112.88371,2024-04-04 13:47:10.843,-0.99,-1.0
610,38.50069,-112.88445,2024-04-04 13:51:46.610,0.1,-1.0
611,38.50056,-112.88451,2024-04-04 13:51:49.661,0.13,-1.0
612,38.50287,-112.88344,2024-04-04 13:52:35.608,0.07,-1.0
613,38.5018,-112.8841,2024-04-04 13:53:47.481,-0.78,-1.0
614,38.50259,-112.88363,2024-04-04 13:59:37.896,-0.82,-1.0
615,38.50125,-112.88401,2024-04-04 14:01:11.086,-0.94,-1.0
616,38.50219,-112.88318,2024-04-04 14:02:40.970,-0.25,-1.0
617,38.50124,-112.88401,2024-04-04 14:06:11.892,-0.45,-1.0
618,38.50124,-112.88401,2024-04-04 14:08:44.681,-0.21,-1.0
619,38.50344,-112.88259,2024-04-04 14:09:40.019,-0.92,-1.0
620,38.50124,-112.88401,2024-04-04 14:10:57.963,-0.62,-1.0
621,38.50275,-112.88344,2024-04-04 14:12:12.529,-0.38,-1.0
622,38.50127,-112.88409,2024-04-04 14:12:34.394,-0.65,-1.0
623,38.50336,-112.883,2024-04-04 14:14:48.722,-0.99,-1.0
624,38.50124,-112.88401,2024-04-04 14:16:23.729,-0.14,-1.0
625,38.50246,-112.88367,2024-04-04 14:16:56.447,-0.97,-1.0
626,38.499,-112.88349,2024-04-04 14:17:18.740,-0.45,-1.0
627,38.49885,-112.8836,2024-04-04 14:17:48.302,-0.72,-1.0
628,38.50124,-112.88401,2024-04-04 14:23:06.669,-0.8,-1.0
629,38.50124,-112.88401,2024-04-04 14:23:12.367,-0.61,-1.0
630,38.50278,-112.8829,2024-04-04 14:24:49.457,-0.96,-1.0
631,38.50105,-112.88404,2024-04-04 14:24:59.463,-0.67,-1.0
632,38.50304,-112.88288,2024-04-04 14:27:27.408,-0.9,-1.0
633,38.50303,-112.88285,2024-04-04 14:27:51.660,0.78,-1.0
634,38.49963,-112.8829,2024-04-04 14:28:13.058,-0.8,-1.0
635,38.50129,-112.88411,2024-04-04 14:28:35.192,-0.97,-1.0
636,38.5025,-112.88366,2024-04-04 14:28:55.884,0.48,-1.0
637,38.50251,-112.88373,2024-04-04 14:29:14.376,-0.83,-1.0
638,38.49952,-112.8829,2024-04-04 14:30:47.767,-0.07,-1.0
639,38.50124,-112.88401,2024-04-04 14:31:16.137,-0.14,-1.0
640,38.50235,-112.8837,2024-04-04 14:31:39.848,-0.93,-1.0
641,38.49955,-112.88381,2024-04-04 14:32:53.820,-0.92,-1.0
642,38.50275,-112.88296,2024-04-04 14:33:14.046,-0.47,-1.0
643,38.50124,-112.88401,2024-04-04 14:39:11.086,-0.02,-1.0
644,38.50118,-112.88401,2024-04-04 14:43:06.287,-0.78,-1.0
645,38.50258,-112.88354,2024-04-04 14:44:45.155,0.65,-1.0
646,38.50132,-112.88401,2024-04-04 14:45:06.176,-0.85,-1.0
647,38.50234,-112.88366,2024-04-04 14:45:20.984,-0.2,-1.0
648,38.5003,-112.88444,2024-04-04 14:48:14.351,-0.98,-1.0
649,38.50197,-112.88396,2024-04-04 14:52:37.292,-0.73,-1.0
650,38.50124,-112.88407,2024-04-04 14:53:04.346,-0.87,-1.0
651,38.50124,-112.88401,2024-04-04 14:53:15.718,0.19,-1.0
652,38.50283,-112.88258,2024-04-04 14:58:54.708,-1.0,-1.0
653,38.50247,-112.88365,2024-04-04 15:03:14.736,-0.95,-1.0
654,38.50117,-112.88402,2024-04-04 15:04:44.902,-0.92,-1.0
655,38.50124,-112.88401,2024-04-04 15:05:37.485,-0.09,-1.0
656,38.50156,-112.88423,2024-04-04 15:06:44.627,-1.0,-1.0
657,38.50122,-112.88392,2024-04-04 15:09:01.343,-0.73,-1.0
658,38.50225,-112.88373,2024-04-04 15:13:29.517,-0.75,-1.0
659,38.50278,-112.88285,2024-04-04 15:16:39.884,-0.72,-1.0
660,38.50237,-112.88371,2024-04-04 15:18:03.925,-0.47,-1.0
661,38.50124,-112.88409,2024-04-04 15:19:08.025,-0.68,-1.0
662,38.50124,-112.88401,2024-04-04 15:23:07.078,0.22,-1.0
663,38.50335,-112.88274,2024-04-04 15:23:38.508,-0.74,-1.0
664,38.5024,-112.88368,2024-04-04 15:26:05.390,-0.61,-1.0
665,38.49883,-112.88368,2024-04-04 15:31:14.355,-0.81,-1.0
666,38.49937,-112.88354,2024-04-04 15:33:02.409,-0.48,-1.0
667,38.50281,-112.88257,2024-04-04 15:33:58.621,-0.81,-1.0
668,38.50267,-112.88354,2024-04-04 15:34:26.997,-0.21,-1.0
669,38.50235,-112.8838,2024-04-04 15:36:23.499,-0.84,-1.0
670,38.50124,-112.88404,2024-04-04 15:36:59.622,-0.73,-1.0
671,38.50124,-112.88401,2024-04-04 15:37:13.544,-0.44,-1.0
672,38.50243,-112.88374,2024-04-04 15:38:07.914,0.68,-1.0
673,38.50348,-112.88279,2024-04-04 15:38:41.367,0.1,-1.0
674,38.50357,-112.88271,2024-04-04 15:38:49.705,0.1,-1.0
675,38.50263,-112.88364,2024-04-04 15:40:08.920,-0.59,-1.0
676,38.49971,-112.88293,2024-04-04 15:40:48.184,-0.92,-1.0
677,38.50302,-112.88244,2024-04-04 15:45:03.849,-0.83,-1.0
678,38.50193,-112.88397,2024-04-04 15:46:28.244,-0.73,-1.0
679,38.50124,-112.88401,2024-04-04 15:46:43.731,-0.14,-1.0
680,38.50178,-112.88412,2024-04-04 15:47:25.138,-0.54,-1.0
681,38.50278,-112.8834,2024-04-04 15:48:58.109,-0.92,-1.0
682,38.50347,-112.88277,2024-04-04 15:53:04.007,-0.24,-1.0
683,38.50406,-112.88467,2024-04-04 15:54:15.587,-0.96,-1.0
684,38.50169,-112.88421,2024-04-04 15:55:09.647,-0.87,-1.0
685,38.49897,-112.88349,2024-04-04 16:01:02.561,-0.89,-1.0
686,38.5013,-112.88401,2024-04-04 16:02:58.574,-0.81,-1.0
687,38.50124,-112.88401,2024-04-04 16:03:22.030,0.0,-1.0
688,38.50176,-112.88435,2024-04-04 16:11:42.954,-0.37,-1.0
689,38.50127,-112.88401,2024-04-04 16:13:54.818,-0.6,-1.0
690,38.50247,-112.88361,2024-04-04 16:25:52.890,-0.74,-1.0
691,38.50242,-112.88362,2024-04-04 16:26:28.044,-0.93,-1.0
692,38.50181,-112.88407,2024-04-04 16:30:19.056,-0.26,-1.0
693,38.5034,-112.8827,2024-04-04 16:31:13.494,-0.09,-1.0
694,38.503,-112.88333,2024-04-04 16:35:12.767,-0.75,-1.0
695,38.50255,-112.88365,2024-04-04 16:35:23.252,-0.32,-1.0
696,38.50318,-112.88323,2024-04-04 16:38:40.109,0.52,-1.0
697,38.50324,-112.88319,2024-04-04 16:38:44.544,-0.22,-1.0
698,38.50246,-112.88367,2024-04-04 16:39:31.134,-0.83,-1.0
699,38.5003,-112.88441,2024-04-04 16:41:12.163,-0.92,-1.0
700,38.50255,-112.88367,2024-04-04 16:44:24.271,-0.85,-1.0
701,38.50287,-112.88344,2024-04-04 16:51:45.546,0.11,-1.0
702,38.50194,-112.88398,2024-04-04 16:52:17.601,-0.9,-1.0
703,38.50286,-112.88252,2024-04-04 16:52:24.305,-0.33,-1.0
704,38.50254,-112.88362,2024-04-04 16:52:56.451,-0.82,-1.0
705,38.50237,-112.88364,2024-04-04 16:53:49.648,-0.99,-1.0
706,38.50327,-112.88278,2024-04-04 17:02:59.978,0.12,-1.0
707,38.50199,-112.88398,2024-04-04 17:08:19.869,-0.12,-1.0
708,38.49959,-112.88331,2024-04-04 17:09:02.390,-0.95,-1.0
709,38.50235,-112.8838,2024-04-04 17:09:16.651,-0.16,-1.0
710,38.50301,-112.88297,2024-04-04 17:29:50.112,-0.81,-1.0
711,38.50027,-112.88449,2024-04-04 17:30:43.422,-0.21,-1.0
712,38.5027,-112.88357,2024-04-04 17:32:03.184,-0.96,-1.0
713,38.50371,-112.88295,2024-04-04 17:41:25.632,-0.86,-1.0
714,38.50208,-112.88289,2024-04-04 17:41:31.526,-0.87,-1.0
715,38.50241,-112.88365,2024-04-04 17:43:16.484,-0.99,-1.0
716,38.50013,-112.88458,2024-04-04 17:46:54.642,-0.74,-1.0
717,38.50278,-112.8834,2024-04-04 17:48:21.879,-0.78,-1.0
718,38.50227,-112.8828,2024-04-04 18:16:48.233,-0.95,-1.0
719,38.50056,-112.88451,2024-04-04 18:21:57.330,-0.3,-1.0
720,38.50176,-112.88435,2024-04-04 18:24:26.955,-0.42,-1.0
721,38.50235,-112.88366,2024-04-04 18:25:28.521,-0.69,-1.0
722,38.50241,-112.88364,2024-04-04 18:26:08.503,-0.79,-1.0
723,38.50237,-112.88369,2024-04-04 18:26:13.548,-0.78,-1.0
724,38.50343,-112.88311,2024-04-04 18:31:33.139,-0.57,-1.0
725,38.50294,-112.8828,2024-04-04 18:33:54.149,0.11,-1.0
726,38.50285,-112.88275,2024-04-04 18:34:00.137,-0.53,-1.0
727,38.50277,-112.88339,2024-04-04 18:34:05.058,-0.88,-1.0
728,38.50287,-112.88344,2024-04-04 18:41:45.307,-0.37,-1.0
729,38.50365,-112.88299,2024-04-04 18:47:44.802,-0.65,-1.0
730,38.50325,-112.88315,2024-04-04 18:50:20.148,0.07,-1.0
731,38.50337,-112.88233,2024-04-04 18:54:04.740,-0.93,-1.0
732,38.49949,-112.88399,2024-04-04 18:54:49.965,-0.99,-1.0
733,38.50294,-112.8828,2024-04-04 18:55:48.254,-0.53,-1.0
734,38.50238,-112.8837,2024-04-04 18:56:26.427,-0.65,-1.0
735,38.50242,-112.88369,2024-04-04 18:58:28.174,-0.34,-1.0
736,38.50248,-112.88354,2024-04-04 19:06:41.510,-1.0,-1.0
737,38.49964,-112.88296,2024-04-04 19:07:25.610,-0.1,-1.0
738,38.50331,-112.88274,2024-04-04 19:10:55.487,-0.55,-1.0
739,38.50069,-112.88445,2024-04-04 19:28:51.009,-0.19,-1.0
740,38.50285,-112.88327,2024-04-04 19:37:52.250,-0.81,-1.0
741,38.50258,-112.88354,2024-04-04 19:38:49.830,-0.08,-1.0
742,38.50034,-112.88461,2024-04-04 19:41:45.044,-0.86,-1.0
743,38.50343,-112.8832,2024-04-04 19:42:37.353,-0.78,-1.0
744,38.50021,-112.88449,2024-04-04 19:42:41.241,-0.69,-1.0
745,38.50031,-112.88441,2024-04-04 19:43:02.070,-0.71,-1.0
746,38.50295,-112.8833,2024-04-04 19:52:23.994,-0.98,-1.0
747,38.49973,-112.88272,2024-04-04 19:53:17.696,-0.84,-1.0
748,38.50366,-112.88295,2024-04-04 19:55:51.584,-0.88,-1.0
749,38.50365,-112.88281,2024-04-04 20:05:50.744,-0.88,-1.0
750,38.50357,-112.88271,2024-04-04 20:13:26.155,0.07,-1.0
751,38.50088,-112.8829,2024-04-04 20:14:13.503,-0.63,-1.0
752,38.50266,-112.88361,2024-04-04 20:14:53.500,-0.54,-1.0
753,38.50246,-112.88372,2024-04-04 20:15:41.275,-0.93,-1.0
754,38.50027,-112.88459,2024-04-04 20:17:32.440,-0.76,-1.0
755,38.5034,-112.8827,2024-04-04 20:24:44.642,-0.02,-1.0
756,38.50176,-112.88435,2024-04-04 20:25:03.090,-0.48,-1.0
757,38.50126,-112.88403,2024-04-04 20:25:58.857,-0.75,-1.0
758,38.50297,-112.88276,2024-04-04 20:26:39.496,-0.15,-1.0
759,38.49974,-112.88269,2024-04-04 20:27:26.163,-0.96,-1.0
760,38.50124,-112.88401,2024-04-04 20:30:08.757,0.27,-1.0
761,38.50114,-112.88447,2024-04-04 20:33:59.060,-0.99,-1.0
762,38.50295,-112.88333,2024-04-04 20:37:45.375,-0.78,-1.0
763,38.50229,-112.88262,2024-04-04 20:40:44.420,-0.9,-1.0
764,38.50178,-112.88412,2024-04-04 20:45:53.595,-0.41,-1.0
765,38.49884,-112.88384,2024-04-04 20:49:19.058,-0.85,-1.0
766,38.5014,-112.88363,2024-04-04 20:49:40.055,-0.89,-1.0
767,38.5013,-112.88405,2024-04-04 20:50:42.791,-0.65,-1.0
768,38.47894,-112.89342,2024-04-04 20:52:15.004,-0.64,-1.0
769,38.50352,-112.88306,2024-04-04 20:55:18.911,-0.9,-1.0
770,38.5015,-112.88367,2024-04-04 21:02:33.971,-0.82,-1.0
771,38.50124,-112.88401,2024-04-04 21:04:01.778,0.2,-1.0
772,38.50372,-112.88296,2024-04-04 21:04:50.149,-0.64,-1.0
773,38.50318,-112.88323,2024-04-04 21:06:57.955,-0.13,-1.0
774,38.50141,-112.88392,2024-04-04 21:07:49.659,-0.8,-1.0
775,38.50337,-112.88317,2024-04-04 21:10:39.985,-0.88,-1.0
776,38.50126,-112.88404,2024-04-04 21:12:18.537,-0.56,-1.0
777,38.5029,-112.88342,2024-04-04 21:13:43.505,-0.91,-1.0
778,38.50275,-112.88344,2024-04-04 21:14:32.463,-0.45,-1.0
779,38.50124,-112.88401,2024-04-04 21:15:06.260,-0.23,-1.0
780,38.50018,-112.88455,2024-04-04 21:17:35.498,-0.85,-1.0
781,38.50159,-112.88415,2024-04-04 21:21:19.634,-0.92,-1.0
782,38.50127,-112.88397,2024-04-04 21:22:00.858,-0.62,-1.0
783,38.50348,-112.88318,2024-04-04 21:22:19.950,0.04,-1.0
784,38.49885,-112.88367,2024-04-04 21:24:28.693,-0.94,-1.0
785,38.5013,-112.88401,2024-04-04 21:25:19.671,-0.4,-1.0
786,38.49945,-112.88399,2024-04-04 21:29:37.486,-0.74,-1.0
787,38.50121,-112.88402,2024-04-04 21:29:54.608,-0.71,-1.0
788,38.5018,-112.88408,2024-04-04 21:31:15.214,-0.44,-1.0
789,38.50213,-112.88404,2024-04-04 21:31:50.017,-0.97,-1.0
790,38.50252,-112.88363,2024-04-04 21:33:48.570,-0.75,-1.0
791,38.50325,-112.88321,2024-04-04 21:35:13.187,-0.7,-1.0
792,38.50259,-112.88361,2024-04-04 21:37:13.301,-0.67,-1.0
793,38.49949,-112.88399,2024-04-04 21:39:32.346,-0.72,-1.0
794,38.49886,-112.88341,2024-04-04 21:40:05.243,-0.97,-1.0
795,38.50296,-112.88245,2024-04-04 21:47:12.927,-0.93,-1.0
796,38.50302,-112.88334,2024-04-04 21:47:24.396,-0.83,-1.0
797,38.50222,-112.88317,2024-04-04 21:48:21.628,-0.95,-1.0
798,38.50056,-112.88451,2024-04-04 21:53:13.550,-0.03,-1.0
799,38.50317,-112.88326,2024-04-04 21:59:35.321,-0.12,-1.0
800,38.50325,-112.88317,2024-04-04 22:05:18.196,-0.67,-1.0
801,38.50358,-112.88301,2024-04-04 22:10:59.367,-0.2,-1.0
802,38.50286,-112.8834,2024-04-04 22:12:28.533,-0.91,-1.0
803,38.50353,-112.88303,2024-04-04 22:14:52.918,-0.69,-1.0
804,38.50286,-112.88263,2024-04-04 22:15:30.695,-0.73,-1.0
805,38.50197,-112.88396,2024-04-04 22:16:04.430,-0.96,-1.0
806,38.50072,-112.88445,2024-04-04 22:19:10.605,-0.04,-1.0
807,38.50176,-112.88435,2024-04-04 22:19:39.698,-0.19,-1.0
808,38.50049,-112.88286,2024-04-04 22:23:12.679,-0.84,-1.0
809,38.50343,-112.88311,2024-04-04 22:24:33.381,-0.54,-1.0
810,38.50174,-112.88406,2024-04-04 22:26:28.166,-0.85,-1.0
811,38.50234,-112.88366,2024-04-04 22:26:49.995,-0.3,-1.0
812,38.49944,-112.88396,2024-04-04 22:31:25.158,-0.81,-1.0
813,38.50293,-112.883,2024-04-04 22:33:20.785,-0.69,-1.0
814,38.50236,-112.88318,2024-04-04 22:34:40.044,-0.8,-1.0
815,38.50196,-112.88396,2024-04-04 22:38:10.533,-0.71,-1.0
816,38.4991,-112.88351,2024-04-04 22:38:25.944,-0.78,-1.0
817,38.5022,-112.88396,2024-04-04 22:38:43.542,-0.68,-1.0
818,38.50241,-112.88376,2024-04-04 22:40:03.433,-0.86,-1.0
819,38.50023,-112.8846,2024-04-04 22:43:12.717,-0.75,-1.0
820,38.50027,-112.88449,2024-04-04 22:44:45.402,-0.37,-1.0
821,38.50238,-112.88373,2024-04-04 22:44:50.546,-0.69,-1.0
822,38.50254,-112.88366,2024-04-04 22:45:05.658,-0.73,-1.0
823,38.50258,-112.88354,2024-04-04 22:46:33.955,-0.17,-1.0
824,38.50145,-112.88488,2024-04-04 22:50:35.772,-0.83,-1.0
825,38.50339,-112.8832,2024-04-04 22:51:15.496,-0.95,-1.0
826,38.50371,-112.88289,2024-04-04 22:52:23.251,-0.91,-1.0
827,38.49965,-112.88303,2024-04-04 22:57:49.139,-0.79,-1.0
828,38.49908,-112.88339,2024-04-04 22:58:32.744,-0.56,-1.0
829,38.50247,-112.88365,2024-04-04 22:59:36.764,-0.76,-1.0
830,38.50265,-112.88359,2024-04-04 22:59:43.177,-0.96,-1.0
831,38.49992,-112.88409,2024-04-04 23:14:54.781,-0.59,-1.0
832,38.49909,-112.88354,2024-04-04 23:15:34.533,0.67,-1.0
833,38.49894,-112.88346,2024-04-04 23:15:58.937,-0.4,-1.0
834,38.50281,-112.88348,2024-04-04 23:16:27.064,-0.85,-1.0
835,38.50243,-112.8837,2024-04-04 23:17:42.313,-0.7,-1.0
836,38.5022,-112.88331,2024-04-04 23:19:42.443,-0.78,-1.0
837,38.50269,-112.88354,2024-04-04 23:19:46.611,-0.39,-1.0
838,38.50276,-112.88278,2024-04-04 23:19:50.010,-0.67,-1.0
839,38.50296,-112.88276,2024-04-04 23:20:15.904,-0.66,-1.0
840,38.50318,-112.88323,2024-04-04 23:25:36.405,0.72,-1.0
841,38.50009,-112.88458,2024-04-04 23:26:32.141,-0.9,-1.0
842,38.49912,-112.88323,2024-04-04 23:27:04.964,-0.73,-1.0
843,38.50383,-112.88284,2024-04-04 23:30:54.465,-0.53,-1.0
844,38.50372,-112.88283,2024-04-04 23:35:57.973,-0.86,-1.0
845,38.50347,-112.88302,2024-04-04 23:36:22.031,-0.42,-1.0
846,38.50338,-112.88307,2024-04-04 23:39:41.331,-0.42,-1.0
847,38.5035,-112.8828,2024-04-04 23:42:54.753,-0.8,-1.0
848,38.5032,-112.88322,2024-04-04 23:43:41.581,-0.79,-1.0
849,38.50371,-112.88291,2024-04-04 23:44:46.775,-0.51,-1.0
850,38.50356,-112.88297,2024-04-04 23:48:27.260,-0.92,-1.0
851,38.50366,-112.88287,2024-04-04 23:54:30.150,-0.85,-1.0
852,38.50287,-112.88344,2024-04-04 23:55:38.164,-0.28,-1.0
853,38.50024,-112.88446,2024-04-04 23:58:43.596,-0.6,-1.0
854,38.50234,-112.88322,2024-04-04 23:59:22.015,-0.29,-1.0
855,38.50316,-112.88322,2024-04-05 00:05:11.011,-0.7,-1.0
856,38.50321,-112.88268,2024-04-05 00:16:46.304,-0.49,-1.0
857,38.50327,-112.88278,2024-04-05 00:21:36.421,-0.03,-1.0
858,38.50258,-112.88354,2024-04-05 00:22:15.694,-0.25,-1.0
859,38.50294,-112.88285,2024-04-05 00:23:50.516,0.41,-1.0
860,38.50255,-112.88357,2024-04-05 00:24:33.780,-0.84,-1.0
861,38.50373,-112.88289,2024-04-05 00:25:14.543,-0.81,-1.0
862,38.50307,-112.88367,2024-04-05 00:25:48.845,-0.82,-1.0
863,38.50294,-112.88275,2024-04-05 00:26:20.123,-0.44,-1.0
864,38.5035,-112.88303,2024-04-05 00:33:58.678,-0.76,-1.0
865,38.50323,-112.88271,2024-04-05 00:37:01.305,-0.58,-1.0
866,38.49854,-112.8837,2024-04-05 00:37:51.692,-0.66,-1.0
867,38.50365,-112.88299,2024-04-05 00:39:29.256,-0.16,-1.0
868,38.50317,-112.88326,2024-04-05 00:39:33.942,-0.19,-1.0
869,38.50303,-112.88335,2024-04-05 00:43:30.171,-0.92,-1.0
870,38.50257,-112.88365,2024-04-05 00:48:58.688,-0.13,-1.0
871,38.50329,-112.88259,2024-04-05 00:50:57.394,-1.0,-1.0
872,38.50227,-112.88243,2024-04-05 00:52:29.437,-0.95,-1.0
873,38.50367,-112.88294,2024-04-05 00:56:43.024,-0.02,-1.0
874,38.50282,-112.88247,2024-04-05 01:01:50.189,-0.97,-1.0
875,38.50277,-112.88231,2024-04-05 01:04:02.371,-0.99,-1.0
876,38.50333,-112.88264,2024-04-05 01:12:58.015,-0.51,-1.0
877,38.50359,-112.88302,2024-04-05 01:13:33.487,-0.77,-1.0
878,38.50276,-112.88341,2024-04-05 01:14:03.778,-0.75,-1.0
879,38.50008,-112.88467,2024-04-05 01:17:51.678,-0.87,-1.0
880,38.50284,-112.88279,2024-04-05 01:18:36.130,-0.3,-1.0
881,38.50344,-112.88281,2024-04-05 01:29:00.436,-0.82,-1.0
882,38.50323,-112.88322,2024-04-05 01:34:43.099,-0.65,-1.0
883,38.50338,-112.88266,2024-04-05 01:36:59.770,-0.78,-1.0
884,38.50294,-112.88337,2024-04-05 01:37:31.591,-0.69,-1.0
885,38.50239,-112.88377,2024-04-05 01:37:50.978,-0.83,-1.0
886,38.5036,-112.88299,2024-04-05 01:44:34.478,-0.82,-1.0
887,38.49892,-112.88362,2024-04-05 01:46:06.928,-0.73,-1.0
888,38.50348,-112.88303,2024-04-05 01:53:09.523,-0.89,-1.0
889,38.50375,-112.88296,2024-04-05 02:13:51.182,-0.55,-1.0
890,38.50355,-112.88298,2024-04-05 02:15:43.170,-0.69,-1.0
891,38.50407,-112.8829,2024-04-05 02:17:21.944,-0.53,-1.0
892,38.5033,-112.88315,2024-04-05 02:25:26.221,-0.37,-1.0
893,38.50345,-112.88309,2024-04-05 02:26:26.881,-0.65,-1.0
894,38.5025,-112.88366,2024-04-05 02:26:39.578,1.27,-1.0
895,38.5025,-112.88361,2024-04-05 02:26:57.534,-0.7,-1.0
896,38.50347,-112.88302,2024-04-05 02:30:07.479,-0.64,-1.0
897,38.50353,-112.88295,2024-04-05 02:32:16.896,-0.98,-1.0
898,38.50382,-112.8828,2024-04-05 02:47:25.888,-0.8,-1.0
899,38.50294,-112.88282,2024-04-05 02:49:26.124,-0.22,-1.0
900,38.50297,-112.88279,2024-04-05 02:49:34.859,-0.62,-1.0
901,38.50237,-112.88364,2024-04-05 02:51:31.243,-0.96,-1.0
902,38.50241,-112.88362,2024-04-05 02:51:36.568,-0.89,-1.0
903,38.50363,-112.88271,2024-04-05 02:53:00.203,-0.08,-1.0
904,38.50359,-112.88299,2024-04-05 02:53:28.317,-0.21,-1.0
905,38.50343,-112.88311,2024-04-05 02:53:50.433,-0.66,-1.0
906,38.5034,-112.88307,2024-04-05 03:02:39.919,-0.8,-1.0
907,38.50296,-112.88281,2024-04-05 03:03:29.259,-0.97,-1.0
908,38.49963,-112.88297,2024-04-05 03:14:58.053,-0.88,-1.0
909,38.50413,-112.88252,2024-04-05 03:20:36.184,-0.52,-1.0
910,38.50372,-112.88296,2024-04-05 03:26:52.362,-0.6,-1.0
911,38.50335,-112.88292,2024-04-05 03:34:14.206,-0.96,-1.0
912,38.50346,-112.88302,2024-04-05 03:34:24.915,-0.55,-1.0
913,38.49877,-112.88368,2024-04-05 03:50:47.042,-0.18,-1.0
914,38.49947,-112.88469,2024-04-05 04:00:38.786,-0.8,-1.0
915,38.50344,-112.88256,2024-04-05 04:07:14.315,0.03,-1.0
916,38.50348,-112.88318,2024-04-05 04:08:10.858,0.05,-1.0
917,38.50003,-112.88294,2024-04-05 04:09:35.228,0.25,-1.0
918,38.5041,-112.88252,2024-04-05 04:14:22.660,-0.94,-1.0
919,38.50341,-112.88309,2024-04-05 04:48:26.288,-0.77,-1.0
920,38.49885,-112.8836,2024-04-05 04:50:20.960,-0.46,-1.0
921,38.50368,-112.88295,2024-04-05 04:53:58.286,-0.77,-1.0
922,38.5038,-112.88272,2024-04-05 04:54:22.966,-0.43,-1.0
923,38.50352,-112.88308,2024-04-05 05:16:32.949,-0.72,-1.0
924,38.50338,-112.88231,2024-04-05 05:25:59.810,-0.99,-1.0
925,38.50258,-112.88263,2024-04-05 05:32:48.345,-0.98,-1.0
926,38.49993,-112.88471,2024-04-05 05:37:20.068,-0.33,-1.0
927,38.50356,-112.88299,2024-04-05 05:37:45.674,-0.51,-1.0
928,38.5036,-112.88299,2024-04-05 05:37:58.542,-0.56,-1.0
929,38.5007,-112.88443,2024-04-05 05:41:32.340,-0.33,-1.0
930,38.5044,-112.88283,2024-04-05 05:43:20.310,-0.8,-1.0
931,38.50348,-112.88303,2024-04-05 05:47:04.890,-0.07,-1.0
932,38.50384,-112.88261,2024-04-05 05:47:20.246,-0.6,-1.0
933,38.5034,-112.88311,2024-04-05 05:54:27.289,-0.73,-1.0
934,38.50399,-112.88277,2024-04-05 06:04:18.501,-0.93,-1.0
935,38.50317,-112.88326,2024-04-05 06:06:04.361,-0.34,-1.0
936,38.50444,-112.88275,2024-04-05 06:31:40.917,-0.63,-1.0
937,38.50279,-112.88339,2024-04-05 06:35:06.333,-0.79,-1.0
938,38.5038,-112.88276,2024-04-05 06:43:26.951,-0.41,-1.0
939,38.50285,-112.88344,2024-04-05 06:49:56.954,-0.85,-1.0
940,38.50452,-112.88275,2024-04-05 06:53:44.980,-0.47,-1.0
941,38.50463,-112.88275,2024-04-05 07:00:25.772,-0.83,-1.0
942,38.50323,-112.88322,2024-04-05 07:10:57.805,-0.46,-1.0
943,38.50447,-112.88275,2024-04-05 07:13:44.640,-0.13,-1.0
944,38.50347,-112.88303,2024-04-05 07:17:38.145,-0.67,-1.0
945,38.50339,-112.88301,2024-04-05 07:18:00.574,-0.57,-1.0
946,38.5044,-112.88279,2024-04-05 07:29:46.417,-0.6,-1.0
947,38.50217,-112.88397,2024-04-05 07:38:23.758,-0.89,-1.0
948,38.50171,-112.88424,2024-04-05 07:47:01.421,-0.97,-1.0
949,38.49976,-112.88303,2024-04-05 07:48:29.838,-0.4,-1.0
950,38.50176,-112.88421,2024-04-05 07:50:37.792,-0.66,-1.0
951,38.50267,-112.88354,2024-04-05 08:22:59.427,-0.51,-1.0
952,38.5038,-112.88272,2024-04-05 08:27:00.379,-0.73,-1.0
953,38.5039,-112.88274,2024-04-05 08:28:43.894,-0.58,-1.0
954,38.50222,-112.88416,2024-04-05 08:31:48.685,-0.97,-1.0
955,38.50183,-112.88419,2024-04-05 08:32:02.550,-0.97,-1.0
956,38.50171,-112.88421,2024-04-05 08:32:23.172,-0.76,-1.0
957,38.50353,-112.88273,2024-04-05 08:32:56.589,-0.41,-1.0
958,38.50355,-112.88273,2024-04-05 08:33:02.079,-0.21,-1.0
959,38.5037,-112.8826,2024-04-05 08:34:51.712,-1.0,-1.0
960,38.50182,-112.88435,2024-04-05 08:35:20.734,-0.12,-1.0
961,38.50205,-112.88391,2024-04-05 08:36:48.854,-0.41,-1.0
962,38.50329,-112.88274,2024-04-05 08:40:24.961,-0.39,-1.0
963,38.50343,-112.88274,2024-04-05 08:41:01.389,-0.85,-1.0
964,38.50334,-112.88274,2024-04-05 08:43:34.076,-0.94,-1.0
965,38.50158,-112.88445,2024-04-05 08:44:57.641,-0.75,-1.0
966,38.50188,-112.88417,2024-04-05 08:45:34.667,-0.96,-1.0
967,38.50378,-112.88286,2024-04-05 08:49:51.806,-0.11,-1.0
968,38.50231,-112.88314,2024-04-05 09:06:52.577,-0.82,-1.0
969,38.50189,-112.88419,2024-04-05 09:09:32.745,-0.69,-1.0
970,38.49951,-112.8829,2024-04-05 09:09:41.433,-0.88,-1.0
971,38.50355,-112.88298,2024-04-05 09:13:57.157,-0.79,-1.0
972,38.50331,-112.88315,2024-04-05 09:15:28.086,-0.2,-1.0
973,38.50369,-112.88226,2024-04-05 09:18:47.320,-0.96,-1.0
974,38.50413,-112.8829,2024-04-05 09:25:04.257,-0.19,-1.0
975,38.50375,-112.88305,2024-04-05 09:25:31.142,-0.95,-1.0
976,38.50184,-112.88416,2024-04-05 09:30:09.819,-0.91,-1.0
977,38.49964,-112.88271,2024-04-05 09:31:38.793,-0.43,-1.0
978,38.50287,-112.88344,2024-04-05 09:31:52.742,-0.35,-1.0
979,38.50276,-112.88348,2024-04-05 09:32:05.268,-0.84,-1.0
980,38.50258,-112.88354,2024-04-05 09:33:05.203,0.07,-1.0
981,38.50359,-112.88299,2024-04-05 09:35:52.617,-0.28,-1.0
982,38.5023,-112.88407,2024-04-05 09:36:06.658,-0.32,-1.0
983,38.50055,-112.88451,2024-04-05 09:37:32.202,-0.58,-1.0
984,38.50189,-112.88419,2024-04-05 09:39:33.955,-0.71,-1.0
985,38.49961,-112.88252,2024-04-05 09:41:11.592,-0.78,-1.0
986,38.50216,-112.88398,2024-04-05 09:41:36.858,-0.84,-1.0
987,38.50261,-112.88325,2024-04-05 09:43:37.975,-0.88,-1.0
988,38.50027,-112.88449,2024-04-05 09:47:38.991,-0.43,-1.0
989,38.50224,-112.88406,2024-04-05 09:49:59.008,-0.79,-1.0
990,38.50178,-112.88412,2024-04-05 09:54:56.924,-0.4,-1.0
991,38.50123,-112.88475,2024-04-05 09:55:19.809,-0.98,-1.0
992,38.50191,-112.88419,2024-04-05 09:56:24.455,-0.78,-1.0
993,38.50284,-112.88256,2024-04-05 10:00:36.123,-0.94,-1.0
994,38.50324,-112.8829,2024-04-05 10:05:58.873,-0.7,-1.0
995,38.50182,-112.88424,2024-04-05 10:07:52.241,-0.65,-1.0
996,38.50182,-112.88435,2024-04-05 10:09:31.749,-0.24,-1.0
997,38.5021,-112.88386,2024-04-05 10:10:46.631,-0.98,-1.0
998,38.50261,-112.88365,2024-04-05 10:13:15.575,0.36,-1.0
999,38.50165,-112.88421,2024-04-05 10:14:56.593,-0.27,-1.0
1000,38.50343,-112.88311,2024-04-05 10:17:48.949,-0.72,-1.0
1001,38.50182,-112.88403,2024-04-05 10:18:02.594,-0.93,-1.0
1002,38.50022,-112.88399,2024-04-05 10:18:09.565,-0.73,-1.0
1003,38.50063,-112.88292,2024-04-05 10:19:07.592,0.13,-1.0
1004,38.5023,-112.88407,2024-04-05 10:21:02.059,-0.27,-1.0
1005,38.50158,-112.88445,2024-04-05 10:21:20.411,-0.81,-1.0
1006,38.50386,-112.88222,2024-04-05 10:23:04.308,-0.81,-1.0
1007,38.50195,-112.88419,2024-04-05 10:23:16.100,-0.69,-1.0
1008,38.50196,-112.88406,2024-04-05 10:23:28.432,-1.0,-1.0
1009,38.50318,-112.88323,2024-04-05 10:23:56.218,0.56,-1.0
1010,38.49955,-112.88425,2024-04-05 10:26:28.040,-0.73,-1.0
1011,38.50258,-112.88358,2024-04-05 10:30:37.592,-0.16,-1.0
1012,38.50267,-112.88355,2024-04-05 10:30:40.657,0.02,-1.0
1013,38.50235,-112.8837,2024-04-05 10:38:00.612,-0.67,-1.0
1014,38.50174,-112.88414,2024-04-05 10:38:37.533,-0.99,-1.0
1015,38.50189,-112.88405,2024-04-05 10:48:19.130,-0.47,-1.0
1016,38.50191,-112.88419,2024-04-05 10:48:54.383,-0.49,-1.0
1017,38.50118,-112.88445,2024-04-05 10:48:58.045,-0.84,-1.0
1018,38.50254,-112.88369,2024-04-05 10:51:06.725,-0.76,-1.0
1019,38.50163,-112.88417,2024-04-05 10:53:50.637,-0.84,-1.0
1020,38.50023,-112.88399,2024-04-05 10:54:39.417,-0.96,-1.0
1021,38.50141,-112.88417,2024-04-05 10:57:43.495,-0.19,-1.0
1022,38.50189,-112.88446,2024-04-05 10:58:12.968,-0.22,-1.0
1023,38.5001,-112.88273,2024-04-05 10:59:11.011,-0.67,-1.0
1024,38.50057,-112.88299,2024-04-05 11:04:26.947,-0.79,-1.0
1025,38.50198,-112.88379,2024-04-05 11:04:48.846,-0.98,-1.0
1026,38.50164,-112.88443,2024-04-05 11:07:13.544,-0.97,-1.0
1027,38.50392,-112.88288,2024-04-05 11:07:30.791,-1.0,-1.0
1028,38.5039,-112.88295,2024-04-05 11:07:40.275,-0.99,-1.0
1029,38.50191,-112.88419,2024-04-05 11:10:13.611,-0.6,-1.0
1030,38.5018,-112.88419,2024-04-05 11:10:43.344,-0.57,-1.0
1031,38.50189,-112.88405,2024-04-05 11:11:23.288,-0.7,-1.0
1032,38.5004,-112.88407,2024-04-05 11:12:14.772,-0.77,-1.0
1033,38.50245,-112.88366,2024-04-05 11:12:30.803,-0.91,-1.0
1034,38.50193,-112.88417,2024-04-05 11:12:56.842,0.03,-1.0
1035,38.50232,-112.88371,2024-04-05 11:17:37.254,-0.73,-1.0
1036,38.50032,-112.88404,2024-04-05 11:21:28.097,-0.87,-1.0
1037,38.49947,-112.88449,2024-04-05 11:22:37.515,-0.84,-1.0
1038,38.50465,-112.88275,2024-04-05 11:22:57.153,-0.23,-1.0
1039,38.50272,-112.88405,2024-04-05 11:25:20.744,-0.67,-1.0
1040,38.50011,-112.88406,2024-04-05 11:27:13.254,-0.83,-1.0
1041,38.50017,-112.88407,2024-04-05 11:28:29.051,-0.99,-1.0
1042,38.504,-112.88289,2024-04-05 11:33:11.668,-0.95,-1.0
1043,38.50125,-112.88423,2024-04-05 11:34:25.536,-0.92,-1.0
1044,38.50023,-112.88401,2024-04-05 11:34:34.155,-0.99,-1.0
1045,38.50191,-112.88419,2024-04-05 11:36:20.479,-0.59,-1.0
1046,38.50187,-112.88412,2024-04-05 11:36:29.190,-0.89,-1.0
1047,38.50167,-112.88417,2024-04-05 11:37:23.665,-0.6,-1.0
1048,38.5044,-112.88279,2024-04-05 11:42:13.982,-0.45,-1.0
1049,38.49973,-112.88358,2024-04-05 11:44:09.082,-0.84,-1.0
1050,38.50146,-112.88449,2024-04-05 11:45:42.749,-0.95,-1.0
1051,38.50182,-112.88435,2024-04-05 11:46:30.723,-0.17,-1.0
1052,38.50022,-112.88399,2024-04-05 11:50:15.384,-0.44,-1.0
1053,38.50182,-112.88419,2024-04-05 11:51:11.905,-0.86,-1.0
1054,38.50413,-112.88252,2024-04-05 11:51:53.011,-0.88,-1.0
1055,38.50196,-112.88421,2024-04-05 11:53:57.832,-0.94,-1.0
1056,38.50252,-112.88392,2024-04-05 11:54:53.133,-0.63,-1.0
1057,38.50233,-112.88403,2024-04-05 11:56:08.995,-0.93,-1.0
1058,38.50256,-112.88388,2024-04-05 11:58:19.021,-0.93,-1.0
1059,38.50052,-112.88362,2024-04-05 12:00:32.284,-0.32,-1.0
1060,38.50255,-112.88366,2024-04-05 12:01:26.929,-0.91,-1.0
1061,38.50458,-112.88273,2024-04-05 12:02:06.455,-0.23,-1.0
1062,38.50189,-112.8841,2024-04-05 12:06:15.673,-0.77,-1.0
1063,38.50195,-112.88437,2024-04-05 12:06:27.015,-0.92,-1.0
1064,38.5028,-112.88348,2024-04-05 12:07:22.421,-0.55,-1.0
1065,38.50222,-112.88383,2024-04-05 12:08:54.743,-1.0,-1.0
1066,38.50255,-112.88358,2024-04-05 12:09:15.857,-0.97,-1.0
1067,38.50119,-112.88428,2024-04-05 12:10:04.679,-0.95,-1.0
1068,38.50133,-112.88425,2024-04-05 12:12:39.260,-0.76,-1.0
1069,38.50004,-112.88409,2024-04-05 12:13:07.668,-0.94,-1.0
1070,38.50187,-112.88409,2024-04-05 12:14:56.785,0.08,-1.0
1071,38.50183,-112.88426,2024-04-05 12:15:53.660,-0.98,-1.0
1072,38.5027,-112.88407,2024-04-05 12:16:05.159,-0.75,-1.0
1073,38.5047,-112.88271,2024-04-05 12:19:22.473,-0.1,-1.0
1074,38.50191,-112.88419,2024-04-05 12:22:40.210,-0.2,-1.0
1075,38.50035,-112.88395,2024-04-05 12:23:15.792,-0.9,-1.0
1076,38.50033,-112.88396,2024-04-05 12:23:45.130,-0.81,-1.0
1077,38.50032,-112.88409,2024-04-05 12:23:55.201,-0.91,-1.0
1078,38.504,-112.88282,2024-04-05 12:27:40.337,-0.4,-1.0
1079,38.50348,-112.88303,2024-04-05 12:31:16.762,-0.03,-1.0
1080,38.50347,-112.88302,2024-04-05 12:31:55.649,-0.52,-1.0
1081,38.50478,-112.88271,2024-04-05 12:32:57.484,-0.81,-1.0
1082,38.50281,-112.88282,2024-04-05 12:34:19.405,-0.97,-1.0
1083,38.50187,-112.88409,2024-04-05 12:35:47.994,-0.41,-1.0
1084,38.50017,-112.88448,2024-04-05 12:35:57.987,-0.94,-1.0
1085,38.50294,-112.88273,2024-04-05 12:37:37.751,-0.55,-1.0
1086,38.50297,-112.88276,2024-04-05 12:38:01.543,-0.54,-1.0
1087,38.50355,-112.8831,2024-04-05 12:38:46.871,-0.19,-1.0
1088,38.50351,-112.88315,2024-04-05 12:38:49.785,-0.08,-1.0
1089,38.50365,-112.88299,2024-04-05 12:39:30.254,-0.33,-1.0
1090,38.5028,-112.88385,2024-04-05 12:43:43.690,-0.97,-1.0
1091,38.50058,-112.88424,2024-04-05 12:45:05.949,-0.42,-1.0
1092,38.503,-112.88334,2024-04-05 12:45:11.425,-0.91,-1.0
1093,38.4997,-112.88296,2024-04-05 12:47:49.209,-0.84,-1.0
1094,38.50371,-112.88151,2024-04-05 12:47:54.172,-0.81,-1.0
1095,38.50188,-112.88422,2024-04-05 12:48:00.041,-0.98,-1.0
1096,38.50189,-112.88405,2024-04-05 12:49:20.953,-0.6,-1.0
1097,38.50259,-112.88369,2024-04-05 12:50:20.137,-0.8,-1.0
1098,38.50141,-112.88417,2024-04-05 12:51:14.228,-0.5,-1.0
1099,38.50382,-112.88288,2024-04-05 12:53:01.509,-0.54,-1.0
1100,38.50002,-112.88393,2024-04-05 12:53:17.199,-0.79,-1.0
1101,38.50275,-112.88401,2024-04-05 12:55:58.609,-0.92,-1.0
1102,38.50278,-112.88384,2024-04-05 12:57:09.803,-0.69,-1.0
1103,38.5029,-112.88301,2024-04-05 12:58:01.676,-0.87,-1.0
1104,38.50285,-112.88381,2024-04-05 13:01:10.365,-0.99,-1.0
1105,38.50369,-112.88249,2024-04-05 13:01:57.098,-0.78,-1.0
1106,38.50261,-112.88401,2024-04-05 13:02:55.008,-0.41,-1.0
1107,38.50011,-112.88392,2024-04-05 13:04:50.442,-0.68,-1.0
1108,38.50278,-112.8838,2024-04-05 13:05:11.698,-0.99,-1.0
1109,38.5019,-112.88419,2024-04-05 13:07:38.903,-0.58,-1.0
1110,38.50162,-112.88398,2024-04-05 13:07:58.060,-0.72,-1.0
1111,38.50287,-112.88408,2024-04-05 13:08:25.612,-0.99,-1.0
1112,38.50331,-112.88315,2024-04-05 13:11:16.877,-0.41,-1.0
1113,38.50128,-112.88408,2024-04-05 13:12:36.942,-0.83,-1.0
1114,38.50367,-112.88294,2024-04-05 13:15:40.581,-0.27,-1.0
1115,38.50033,-112.88396,2024-04-05 13:16:49.582,-0.61,-1.0
1116,38.50285,-112.88381,2024-04-05 13:17:12.176,-0.85,-1.0
1117,38.50189,-112.88412,2024-04-05 13:21:42.797,-0.58,-1.0
1118,38.50341,-112.88314,2024-04-05 13:24:31.856,-0.95,-1.0
1119,38.50178,-112.88419,2024-04-05 13:24:52.560,-0.92,-1.0
1120,38.50018,-112.88407,2024-04-05 13:25:46.118,-0.74,-1.0
1121,38.5,-112.88443,2024-04-05 13:28:08.079,-0.85,-1.0
1122,38.50072,-112.88444,2024-04-05 13:28:25.284,-0.8,-1.0
1123,38.50035,-112.88405,2024-04-05 13:29:31.329,-0.93,-1.0
1124,38.50156,-112.88389,2024-04-05 13:31:37.136,-0.75,-1.0
1125,38.50243,-112.88426,2024-04-05 13:32:55.480,-1.0,-1.0
1126,38.50019,-112.88468,2024-04-05 13:33:21.619,-0.82,-1.0
1127,38.5001,-112.88383,2024-04-05 13:33:54.724,-0.72,-1.0
1128,38.50012,-112.88404,2024-04-05 13:34:17.547,-0.85,-1.0
1129,38.50191,-112.88419,2024-04-05 13:34:40.753,-0.37,-1.0
1130,38.50204,-112.88395,2024-04-05 13:35:05.554,-0.75,-1.0
1131,38.50205,-112.88418,2024-04-05 13:36:11.747,-0.86,-1.0
1132,38.50258,-112.88399,2024-04-05 13:38:35.272,-1.0,-1.0
1133,38.50165,-112.88413,2024-04-05 13:38:41.394,-0.66,-1.0
1134,38.50182,-112.88435,2024-04-05 13:39:28.274,-0.35,-1.0
1135,38.50027,-112.88453,2024-04-05 13:40:58.309,-0.82,-1.0
1136,38.50004,-112.88471,2024-04-05 13:41:06.205,-0.97,-1.0
1137,38.50193,-112.88413,2024-04-05 13:41:18.271,-0.95,-1.0
1138,38.50274,-112.8839,2024-04-05 13:41:55.325,-0.98,-1.0
1139,38.50272,-112.88405,2024-04-05 13:42:09.521,-0.64,-1.0
1140,38.50276,-112.88402,2024-04-05 13:42:13.578,-0.97,-1.0
1141,38.50108,-112.88403,2024-04-05 13:43:44.482,-0.91,-1.0
1142,38.50317,-112.88326,2024-04-05 13:45:13.785,0.12,-1.0
1143,38.50276,-112.88386,2024-04-05 13:45:55.760,-0.91,-1.0
1144,38.49995,-112.88413,2024-04-05 13:46:01.992,-0.88,-1.0
1145,38.50273,-112.88409,2024-04-05 13:47:16.238,-0.71,-1.0
1146,38.50258,-112.88354,2024-04-05 13:48:24.506,-0.19,-1.0
1147,38.50179,-112.88413,2024-04-05 13:49:23.923,-0.85,-1.0
1148,38.50197,-112.884,2024-04-05 13:50:02.716,-0.73,-1.0
1149,38.501,-112.88407,2024-04-05 13:50:59.577,-0.77,-1.0
1150,38.50295,-112.88397,2024-04-05 13:52:04.507,-0.92,-1.0
1151,38.50275,-112.88344,2024-04-05 13:52:12.169,-0.63,-1.0
1152,38.50183,-112.88404,2024-04-05 13:52:15.898,-0.71,-1.0
1153,38.50021,-112.88447,2024-04-05 13:52:23.657,-0.81,-1.0
1154,38.50328,-112.88324,2024-04-05 13:53:10.499,-0.37,-1.0
1155,38.50004,-112.88372,2024-04-05 13:53:14.640,-0.73,-1.0
1156,38.50343,-112.88309,2024-04-05 13:53:33.827,-0.42,-1.0
1157,38.50091,-112.884,2024-04-05 13:53:46.704,-0.54,-1.0
1158,38.50123,-112.88475,2024-04-05 13:54:29.546,-0.68,-1.0
1159,38.5024,-112.88369,2024-04-05 13:55:36.477,-0.89,-1.0
1160,38.50295,-112.88336,2024-04-05 13:55:40.694,-0.72,-1.0
1161,38.5015,-112.88395,2024-04-05 13:56:32.250,-0.7,-1.0
1162,38.50286,-112.88392,2024-04-05 13:56:57.435,-0.95,-1.0
1163,38.50274,-112.88354,2024-04-05 13:58:43.440,-0.8,-1.0
1164,38.50404,-112.88261,2024-04-05 13:59:05.361,-0.23,-1.0
1165,38.50408,-112.88295,2024-04-05 14:01:26.145,-0.68,-1.0
1166,38.50153,-112.88389,2024-04-05 14:02:42.676,-0.68,-1.0
1167,38.50335,-112.88311,2024-04-05 14:03:14.175,-0.62,-1.0
1168,38.50064,-112.88449,2024-04-05 14:05:04.404,-0.34,-1.0
1169,38.50098,-112.88406,2024-04-05 14:05:38.007,-0.9,-1.0
1170,38.50028,-112.88464,2024-04-05 14:06:29.635,-0.93,-1.0
1171,38.50345,-112.88298,2024-04-05 14:06:32.884,-0.73,-1.0
1172,38.50163,-112.88442,2024-04-05 14:07:12.926,-0.89,-1.0
1173,38.50119,-112.88396,2024-04-05 14:07:55.227,-0.7,-1.0
1174,38.50027,-112.88404,2024-04-05 14:08:22.538,-0.98,-1.0
1175,38.50165,-112.88391,2024-04-05 14:08:54.153,-0.69,-1.0
1176,38.50293,-112.88393,2024-04-05 14:09:45.967,-0.58,-1.0
1177,38.50255,-112.88402,2024-04-05 14:10:08.132,-0.88,-1.0
1178,38.50377,-112.88243,2024-04-05 14:10:17.745,-0.94,-1.0
1179,38.50354,-112.88245,2024-04-05 14:11:17.494,-0.99,-1.0
1180,38.50267,-112.88354,2024-04-05 14:11:46.379,-0.55,-1.0
1181,38.50189,-112.8841,2024-04-05 14:13:08.208,-0.52,-1.0
1182,38.50191,-112.88419,2024-04-05 14:14:01.032,-0.48,-1.0
1183,38.50178,-112.88422,2024-04-05 14:14:07.598,-0.89,-1.0
1184,38.50234,-112.8837,2024-04-05 14:14:15.790,-0.57,-1.0
1185,38.50187,-112.88409,2024-04-05 14:15:14.817,0.05,-1.0
1186,38.50077,-112.88436,2024-04-05 14:19:04.219,-0.76,-1.0
1187,38.50008,-112.88401,2024-04-05 14:19:43.639,-0.73,-1.0
1188,38.50006,-112.88384,2024-04-05 14:19:54.429,-0.96,-1.0
1189,38.50275,-112.88381,2024-04-05 14:21:46.742,-0.91,-1.0
1190,38.50347,-112.88277,2024-04-05 14:21:59.012,-0.42,-1.0
1191,38.5021,-112.88407,2024-04-05 14:22:09.287,-0.84,-1.0
1192,38.50243,-112.8837,2024-04-05 14:22:34.104,-0.73,-1.0
1193,38.5011,-112.88261,2024-04-05 14:24:55.445,-0.89,-1.0
1194,38.49988,-112.88371,2024-04-05 14:26:52.507,-0.81,-1.0
1195,38.50069,-112.88362,2024-04-05 14:27:44.544,-0.72,-1.0
1196,38.50033,-112.88396,2024-04-05 14:29:12.956,-0.62,-1.0
1197,38.50109,-112.88395,2024-04-05 14:30:08.272,-0.85,-1.0
1198,38.49995,-112.88414,2024-04-05 14:30:59.989,-0.72,-1.0
1199,38.50359,-112.88299,2024-04-05 14:32:23.835,-0.31,-1.0
1200,38.50366,-112.88299,2024-04-05 14:32:27.991,-0.58,-1.0
1201,38.49995,-112.88436,2024-04-05 14:32:55.991,-0.78,-1.0
1202,38.5005,-112.88457,2024-04-05 14:33:39.986,-0.62,-1.0
1203,38.50257,-112.88365,2024-04-05 14:34:23.902,-0.02,-1.0
1204,38.50053,-112.88492,2024-04-05 14:35:14.130,-0.48,-1.0
1205,38.5015,-112.88387,2024-04-05 14:35:21.861,-0.29,-1.0
1206,38.50002,-112.88421,2024-04-05 14:35:28.513,-0.76,-1.0
1207,38.50101,-112.88406,2024-04-05 14:36:12.024,-0.98,-1.0
1208,38.50013,-112.88388,2024-04-05 14:43:02.992,-0.35,-1.0
1209,38.49877,-112.88337,2024-04-05 14:43:05.021,-0.79,-1.0
1210,38.50114,-112.88398,2024-04-05 14:43:31.752,-0.31,-1.0
1211,38.50188,-112.88415,2024-04-05 14:43:38.371,-0.74,-1.0
1212,38.49988,-112.88471,2024-04-05 14:44:40.154,-0.54,-1.0
1213,38.50298,-112.88386,2024-04-05 14:45:19.785,-0.93,-1.0
1214,38.50165,-112.88391,2024-04-05 14:46:35.117,-0.54,-1.0
1215,38.50018,-112.88407,2024-04-05 14:48:04.900,-0.03,-1.0
1216,38.50175,-112.88413,2024-04-05 14:48:13.350,-0.89,-1.0
1217,38.50164,-112.88417,2024-04-05 14:50:25.765,-1.0,-1.0
1218,38.50021,-112.88402,2024-04-05 14:51:02.184,-0.99,-1.0
1219,38.50095,-112.88398,2024-04-05 14:52:26.092,-0.79,-1.0
1220,38.50413,-112.8829,2024-04-05 14:52:59.802,-0.53,-1.0
1221,38.50153,-112.88393,2024-04-05 14:53:41.416,-0.8,-1.0
1222,38.49997,-112.88406,2024-04-05 14:54:04.875,-0.31,-1.0
1223,38.50215,-112.88395,2024-04-05 14:54:21.473,-0.95,-1.0
1224,38.50116,-112.88396,2024-04-05 14:54:35.147,-0.88,-1.0
1225,38.50223,-112.88412,2024-04-05 14:54:43.012,-0.8,-1.0
1226,38.50272,-112.88402,2024-04-05 14:55:13.302,-0.86,-1.0
1227,38.50354,-112.88299,2024-04-05 14:55:30.779,-0.49,-1.0
1228,38.49633,-112.89035,2024-04-05 14:56:13.173,-0.48,-1.0
1229,38.50189,-112.88412,2024-04-05 14:56:17.795,-0.55,-1.0
1230,38.5018,-112.88417,2024-04-05 14:56:28.141,-0.56,-1.0
1231,38.50015,-112.88415,2024-04-05 14:56:48.277,-0.42,-1.0
1232,38.50095,-112.88396,2024-04-05 14:58:01.202,-0.5,-1.0
1233,38.50245,-112.88379,2024-04-05 14:58:35.036,-0.27,-1.0
1234,38.50187,-112.88409,2024-04-05 14:59:35.096,-0.13,-1.0
1235,38.50256,-112.88354,2024-04-05 15:00:57.593,-0.9,-1.0
1236,38.50002,-112.88473,2024-04-05 15:01:40.000,-0.88,-1.0
1237,38.50261,-112.88399,2024-04-05 15:02:19.078,-0.73,-1.0
1238,38.50138,-112.88416,2024-04-05 15:02:33.945,-0.88,-1.0
1239,38.50028,-112.88449,2024-04-05 15:02:52.961,-0.88,-1.0
1240,38.49992,-112.88462,2024-04-05 15:02:58.884,-0.7,-1.0
1241,38.50151,-112.88389,2024-04-05 15:03:29.323,-0.85,-1.0
1242,38.50114,-112.88398,2024-04-05 15:03:38.563,-0.33,-1.0
1243,38.50259,-112.8836,2024-04-05 15:08:26.469,-0.83,-1.0
1244,38.50296,-112.88393,2024-04-05 15:09:33.909,-0.63,-1.0
1245,38.50098,-112.8841,2024-04-05 15:09:54.032,-0.69,-1.0
1246,38.4994,-112.88356,2024-04-05 15:10:58.596,-0.99,-1.0
1247,38.50189,-112.88408,2024-04-05 15:12:00.339,-0.81,-1.0
1248,38.50258,-112.88365,2024-04-05 15:14:02.000,-0.85,-1.0
1249,38.50152,-112.88389,2024-04-05 15:14:10.457,-0.87,-1.0
1250,38.49949,-112.88358,2024-04-05 15:14:24.708,-0.3,-1.0
1251,38.50352,-112.88305,2024-04-05 15:16:47.920,-0.95,-1.0
1252,38.5015,-112.88387,2024-04-05 15:17:08.002,-0.63,-1.0
1253,38.50085,-112.88404,2024-04-05 15:18:10.263,-0.71,-1.0
1254,38.50268,-112.88406,2024-04-05 15:18:32.140,-0.98,-1.0
1255,38.50261,-112.88398,2024-04-05 15:21:54.307,-0.87,-1.0
1256,38.50244,-112.88394,2024-04-05 15:22:17.305,-0.96,-1.0
1257,38.50254,-112.88369,2024-04-05 15:25:02.862,-0.87,-1.0
1258,38.50243,-112.88377,2024-04-05 15:25:55.262,-0.65,-1.0
1259,38.50269,-112.88352,2024-04-05 15:26:53.307,-0.61,-1.0
1260,38.50261,-112.88397,2024-04-05 15:28:40.202,-0.39,-1.0
1261,38.50116,-112.88421,2024-04-05 15:30:02.125,-0.89,-1.0
1262,38.50114,-112.88398,2024-04-05 15:30:45.969,-0.02,-1.0
1263,38.50343,-112.88311,2024-04-05 15:31:18.951,-0.62,-1.0
1264,38.50091,-112.884,2024-04-05 15:32:39.262,-0.75,-1.0
1265,38.5015,-112.88387,2024-04-05 15:33:57.326,-0.75,-1.0
1266,38.4993,-112.88299,2024-04-05 15:35:57.554,-0.69,-1.0
1267,38.49946,-112.88371,2024-04-05 15:36:49.615,-0.16,-1.0
1268,38.50281,-112.88398,2024-04-05 15:38:16.512,-0.6,-1.0
1269,38.50311,-112.88281,2024-04-05 15:38:43.184,-0.49,-1.0
1270,38.50261,-112.88392,2024-04-05 15:40:22.999,-0.91,-1.0
1271,38.50369,-112.88251,2024-04-05 15:44:22.545,-0.93,-1.0
1272,38.5026,-112.88398,2024-04-05 15:44:33.265,-0.86,-1.0
1273,38.50148,-112.88393,2024-04-05 15:45:32.791,-0.95,-1.0
1274,38.49966,-112.8827,2024-04-05 15:47:32.525,-0.72,-1.0
1275,38.50446,-112.88279,2024-04-05 15:48:09.852,-0.14,-1.0
1276,38.50094,-112.88397,2024-04-05 15:48:43.593,-0.67,-1.0
1277,38.50263,-112.88398,2024-04-05 15:50:03.176,-0.88,-1.0
1278,38.49998,-112.88462,2024-04-05 15:51:18.207,-0.99,-1.0
1279,38.50453,-112.88275,2024-04-05 15:52:24.400,-0.25,-1.0
1280,38.5009,-112.88402,2024-04-05 15:53:08.074,-0.65,-1.0
1281,38.5037,-112.88301,2024-04-05 15:53:39.384,-0.97,-1.0
1282,38.50094,-112.88392,2024-04-05 15:54:41.270,-0.87,-1.0
1283,38.50376,-112.88296,2024-04-05 15:55:28.681,-0.82,-1.0
1284,38.50305,-112.88334,2024-04-05 15:57:45.071,-1.0,-1.0
1285,38.5015,-112.88387,2024-04-05 15:58:32.609,-0.72,-1.0
1286,38.50083,-112.88405,2024-04-05 15:58:42.556,-0.62,-1.0
1287,38.50233,-112.88369,2024-04-05 16:00:59.382,-0.66,-1.0
1288,38.5034,-112.8827,2024-04-05 16:03:02.327,-0.13,-1.0
1289,38.50183,-112.88498,2024-04-05 16:06:07.516,-0.96,-1.0
1290,38.50266,-112.88354,2024-04-05 16:07:31.150,-0.87,-1.0
1291,38.50318,-112.88323,2024-04-05 16:07:42.148,0.04,-1.0
1292,38.50205,-112.8839,2024-04-05 16:07:54.798,-0.88,-1.0
1293,38.50287,-112.88344,2024-04-05 16:08:03.673,-0.37,-1.0
1294,38.50261,-112.88399,2024-04-05 16:09:34.340,-0.86,-1.0
1295,38.50114,-112.88398,2024-04-05 16:13:03.498,-0.61,-1.0
1296,38.49896,-112.88354,2024-04-05 16:13:41.339,-0.27,-1.0
1297,38.50199,-112.88442,2024-04-05 16:14:26.803,0.12,-1.0
1298,38.49854,-112.89573,2024-04-05 16:17:13.390,-0.95,-1.0
1299,38.50094,-112.88397,2024-04-05 16:21:11.671,-0.79,-1.0
1300,38.50355,-112.88282,2024-04-05 16:23:18.026,-0.96,-1.0
1301,38.50508,-112.88242,2024-04-05 16:26:19.027,-0.98,-1.0
1302,38.49867,-112.88341,2024-04-05 16:28:39.527,-0.45,-1.0
1303,38.50359,-112.88274,2024-04-05 16:31:07.615,-0.97,-1.0
1304,38.50354,-112.88315,2024-04-05 16:31:21.643,-0.55,-1.0
1305,38.50305,-112.88328,2024-04-05 16:33:26.145,-0.86,-1.0
1306,38.50151,-112.88389,2024-04-05 16:33:33.627,-0.74,-1.0
1307,38.50258,-112.88354,2024-04-05 16:36:05.294,-0.15,-1.0
1308,38.5009,-112.884,2024-04-05 16:36:30.700,-0.89,-1.0
1309,38.50147,-112.88378,2024-04-05 16:42:51.091,-0.85,-1.0
1310,38.50093,-112.88399,2024-04-05 16:43:52.163,-0.68,-1.0
1311,38.50154,-112.88386,2024-04-05 16:45:30.714,-0.9,-1.0
1312,38.50355,-112.88281,2024-04-05 16:46:26.193,-0.88,-1.0
1313,38.50291,-112.88375,2024-04-05 16:52:28.616,-0.67,-1.0
1314,38.50376,-112.88255,2024-04-05 16:55:57.958,-0.96,-1.0
1315,38.50181,-112.88364,2024-04-05 16:56:24.639,-0.95,-1.0
1316,38.50248,-112.88367,2024-04-05 16:57:11.360,-0.38,-1.0
1317,38.50397,-112.88281,2024-04-05 17:06:08.361,-0.71,-1.0
1318,38.50183,-112.88246,2024-04-05 17:07:49.172,-0.96,-1.0
1319,38.50146,-112.88369,2024-04-05 17:13:37.859,-0.91,-1.0
1320,38.50328,-112.88307,2024-04-05 17:16:52.197,-0.39,-1.0
1321,38.50349,-112.88302,2024-04-05 17:17:08.877,-0.39,-1.0
1322,38.50252,-112.88322,2024-04-05 17:18:23.003,-0.81,-1.0
1323,38.50358,-112.88273,2024-04-05 17:19:46.872,0.07,-1.0
1324,38.5024,-112.88363,2024-04-05 17:24:51.873,-0.58,-1.0
1325,38.50244,-112.88363,2024-04-05 17:26:36.989,-0.82,-1.0
1326,38.50378,-112.88286,2024-04-05 17:29:00.347,-0.28,-1.0
1327,38.50331,-112.88315,2024-04-05 17:29:04.291,-0.07,-1.0
1328,38.50373,-112.88292,2024-04-05 17:29:09.602,-0.02,-1.0
1329,38.50354,-112.88274,2024-04-05 17:29:29.030,-0.56,-1.0
1330,38.50352,-112.88303,2024-04-05 17:31:00.646,-0.96,-1.0
1331,38.50394,-112.88226,2024-04-05 17:32:29.246,-0.92,-1.0
1332,38.50294,-112.8828,2024-04-05 17:32:49.467,-0.51,-1.0
1333,38.49998,-112.88462,2024-04-05 17:35:57.638,-0.52,-1.0
1334,38.50021,-112.88449,2024-04-05 17:36:09.268,-0.86,-1.0
1335,38.50082,-112.88403,2024-04-05 17:36:31.037,-0.83,-1.0
1336,38.50393,-112.88294,2024-04-05 17:39:21.205,-0.83,-1.0
1337,38.50349,-112.88314,2024-04-05 17:45:56.700,-0.93,-1.0
1338,38.50087,-112.88403,2024-04-05 17:46:20.367,-0.7,-1.0
1339,38.5021,-112.88187,2024-04-05 17:48:19.949,-0.88,-1.0
1340,38.5004,-112.88447,2024-04-05 17:49:18.562,-0.59,-1.0
1341,38.50139,-112.88377,2024-04-05 17:49:27.281,-1.0,-1.0
1342,38.50294,-112.88338,2024-04-05 17:50:07.572,-0.91,-1.0
1343,38.50419,-112.88252,2024-04-05 17:57:35.799,-0.71,-1.0
1344,38.50297,-112.88331,2024-04-05 18:06:35.583,-0.85,-1.0
1345,38.50469,-112.88275,2024-04-05 18:07:45.303,-0.37,-1.0
1346,38.4997,-112.8831,2024-04-05 18:14:02.029,-0.78,-1.0
1347,38.49964,-112.88267,2024-04-05 18:19:40.952,0.81,-1.0
1348,38.50318,-112.88323,2024-04-05 18:25:38.976,-0.21,-1.0
1349,38.50356,-112.88299,2024-04-05 18:28:49.255,-0.73,-1.0
1350,38.49939,-112.88395,2024-04-05 18:46:39.748,0.28,-1.0
1351,38.50365,-112.88299,2024-04-05 18:47:33.953,-0.49,-1.0
1352,38.50348,-112.88303,2024-04-05 18:47:56.201,-0.18,-1.0
1353,38.50269,-112.88353,2024-04-05 18:48:25.531,-0.36,-1.0
1354,38.50335,-112.88302,2024-04-05 18:48:38.155,-0.6,-1.0
1355,38.50251,-112.88372,2024-04-05 18:49:27.015,0.16,-1.0
1356,38.50073,-112.88404,2024-04-05 18:54:25.098,-0.56,-1.0
1357,38.50345,-112.88233,2024-04-05 18:54:45.850,-0.68,-1.0
1358,38.50384,-112.8828,2024-04-05 18:55:32.881,-0.97,-1.0
1359,38.50374,-112.88315,2024-04-05 18:56:21.414,-0.87,-1.0
1360,38.50327,-112.88308,2024-04-05 19:02:58.299,-0.88,-1.0
1361,38.49965,-112.88609,2024-04-05 19:05:58.318,-0.95,-1.0
1362,38.49937,-112.88407,2024-04-05 19:10:41.603,-0.94,-1.0
1363,38.50354,-112.88301,2024-04-05 19:11:39.024,-0.97,-1.0
1364,38.50413,-112.8829,2024-04-05 19:12:42.271,-0.44,-1.0
1365,38.50328,-112.88265,2024-04-05 19:17:15.866,-0.83,-1.0
1366,38.50437,-112.88275,2024-04-05 19:27:41.293,-0.03,-1.0
1367,38.50206,-112.88389,2024-04-05 19:37:11.428,-0.9,-1.0
1368,38.50372,-112.88305,2024-04-05 19:38:51.305,-0.91,-1.0
1369,38.50176,-112.8835,2024-04-05 19:40:55.639,-0.93,-1.0
1370,38.50374,-112.8826,2024-04-05 19:41:03.347,-1.0,-1.0
1371,38.50465,-112.88275,2024-04-05 19:47:43.915,-0.07,-1.0
1372,38.49989,-112.88446,2024-04-05 19:54:38.319,-0.85,-1.0
1373,38.50351,-112.88315,2024-04-05 20:07:15.613,-0.54,-1.0
1374,38.50359,-112.88299,2024-04-05 20:10:45.464,-0.31,-1.0
1375,38.5046,-112.88275,2024-04-05 20:22:34.717,-0.35,-1.0
1376,38.50466,-112.88274,2024-04-05 20:23:43.289,-0.89,-1.0
1377,38.50478,-112.88271,2024-04-05 20:24:37.903,-0.66,-1.0
1378,38.5017,-112.88475,2024-04-05 20:26:52.519,-0.83,-1.0
1379,38.50355,-112.88303,2024-04-05 20:31:27.840,-0.78,-1.0
1380,38.5016,-112.88492,2024-04-05 20:36:04.511,-0.91,-1.0
1381,38.50367,-112.88242,2024-04-05 20:37:07.449,-0.98,-1.0
1382,38.50453,-112.88274,2024-04-05 20:43:42.656,-0.96,-1.0
1383,38.50405,-112.88259,2024-04-05 20:45:41.554,-0.95,-1.0
1384,38.50205,-112.88486,2024-04-05 20:46:09.060,-0.9,-1.0
1385,38.50154,-112.88368,2024-04-05 20:46:55.526,-0.77,-1.0
1386,38.5016,-112.88509,2024-04-05 20:47:53.655,-0.99,-1.0
1387,38.5039,-112.88274,2024-04-05 20:51:48.823,-0.24,-1.0
1388,38.5039,-112.88266,2024-04-05 20:51:58.153,-0.76,-1.0
1389,38.50196,-112.88475,2024-04-05 20:53:09.316,-0.88,-1.0
1390,38.50206,-112.88471,2024-04-05 20:53:28.769,-0.78,-1.0
1391,38.50163,-112.88364,2024-04-05 20:56:19.758,-0.97,-1.0
1392,38.50202,-112.88464,2024-04-05 20:59:11.480,-0.69,-1.0
1393,38.50318,-112.88323,2024-04-05 20:59:48.573,0.5,-1.0
1394,38.50323,-112.88322,2024-04-05 21:00:00.552,-0.7,-1.0
1395,38.50031,-112.88506,2024-04-05 21:01:22.348,-0.98,-1.0
1396,38.50293,-112.8838,2024-04-05 21:03:40.693,-0.79,-1.0
1397,38.50191,-112.88475,2024-04-05 21:06:51.573,-0.87,-1.0
1398,38.50163,-112.88516,2024-04-05 21:07:28.231,-0.98,-1.0
1399,38.50187,-112.88465,2024-04-05 21:07:33.182,-0.9,-1.0
1400,38.50194,-112.88406,2024-04-05 21:15:57.905,-0.9,-1.0
1401,38.50258,-112.88354,2024-04-05 21:17:25.292,0.17,-1.0
1402,38.50184,-112.88478,2024-04-05 21:18:03.398,-0.74,-1.0
1403,38.50353,-112.88272,2024-04-05 21:20:04.539,-0.91,-1.0
1404,38.50209,-112.88483,2024-04-05 21:21:29.423,-0.99,-1.0
1405,38.50209,-112.88399,2024-04-05 21:25:52.324,-0.68,-1.0
1406,38.5029,-112.88366,2024-04-05 21:26:59.682,-0.92,-1.0
1407,38.50183,-112.88467,2024-04-05 21:27:21.074,-0.86,-1.0
1408,38.5047,-112.88275,2024-04-05 21:32:29.432,-0.74,-1.0
1409,38.50273,-112.88403,2024-04-05 21:33:00.999,-0.97,-1.0
1410,38.50282,-112.88344,2024-04-05 21:40:28.914,-0.99,-1.0
1411,38.50137,-112.88418,2024-04-05 21:41:07.800,-0.87,-1.0
1412,38.50263,-112.88409,2024-04-05 21:43:38.354,-0.94,-1.0
1413,38.50134,-112.88383,2024-04-05 21:44:07.532,-0.8,-1.0
1414,38.50202,-112.88391,2024-04-05 21:49:04.234,-0.88,-1.0
1415,38.50509,-112.88261,2024-04-05 21:50:11.764,-0.64,-1.0
1416,38.5007,-112.88547,2024-04-05 21:50:46.286,-0.83,-1.0
1417,38.50278,-112.88394,2024-04-05 21:52:09.770,-0.84,-1.0
1418,38.50068,-112.88679,2024-04-05 21:54:12.084,-0.58,-1.0
1419,38.50334,-112.88278,2024-04-05 21:54:44.246,0.02,-1.0
1420,38.50294,-112.88283,2024-04-05 21:55:16.607,0.43,-1.0
1421,38.50297,-112.88271,2024-04-05 21:55:32.318,-0.55,-1.0
1422,38.50126,-112.88352,2024-04-05 21:57:00.457,-0.7,-1.0
1423,38.501,-112.88657,2024-04-05 21:57:18.912,-0.65,-1.0
1424,38.5012,-112.88655,2024-04-05 21:58:00.203,-0.89,-1.0
1425,38.50317,-112.88326,2024-04-05 21:58:43.658,0.03,-1.0
1426,38.50042,-112.88687,2024-04-05 21:59:28.989,-0.99,-1.0
1427,38.50281,-112.88403,2024-04-05 21:59:56.164,-0.36,-1.0
1428,38.50267,-112.88393,2024-04-05 22:00:05.589,-1.0,-1.0
1429,38.50054,-112.88687,2024-04-05 22:02:02.278,-0.69,-1.0
1430,38.5038,-112.88276,2024-04-05 22:02:53.368,-0.38,-1.0
1431,38.50049,-112.88687,2024-04-05 22:04:13.155,-0.72,-1.0
1432,38.5026,-112.88395,2024-04-05 22:05:15.721,-0.86,-1.0
1433,38.50043,-112.88686,2024-04-05 22:06:10.205,-0.96,-1.0
1434,38.50101,-112.88653,2024-04-05 22:06:45.749,-0.78,-1.0
1435,38.50065,-112.88685,2024-04-05 22:07:49.539,-0.96,-1.0
1436,38.50505,-112.8824,2024-04-05 22:08:21.341,-0.96,-1.0
1437,38.50275,-112.88395,2024-04-05 22:09:02.999,-0.87,-1.0
1438,38.50288,-112.88375,2024-04-05 22:09:35.094,-0.09,-1.0
1439,38.50047,-112.88687,2024-04-05 22:11:01.551,-0.39,-1.0
1440,38.50118,-112.88656,2024-04-05 22:11:08.075,-0.49,-1.0
1441,38.5026,-112.88291,2024-04-05 22:12:22.344,-1.0,-1.0
1442,38.50401,-112.88232,2024-04-05 22:13:11.108,-0.95,-1.0
1443,38.5014,-112.88385,2024-04-05 22:15:17.168,-0.82,-1.0
1444,38.50107,-112.88651,2024-04-05 22:15:31.361,0.05,-1.0
1445,38.50068,-112.88679,2024-04-05 22:16:51.564,-0.93,-1.0
1446,38.5038,-112.88274,2024-04-05 22:17:43.640,-0.61,-1.0
1447,38.50206,-112.88616,2024-04-05 22:18:12.442,-0.82,-1.0
1448,38.50051,-112.88689,2024-04-05 22:18:43.704,-0.95,-1.0
1449,38.50344,-112.88306,2024-04-05 22:19:31.338,-0.69,-1.0
1450,38.50146,-112.88409,2024-04-05 22:22:16.861,-0.92,-1.0
1451,38.50182,-112.88453,2024-04-05 22:22:39.790,-0.33,-1.0
1452,38.50039,-112.88692,2024-04-05 22:23:11.598,-0.84,-1.0
1453,38.50118,-112.88656,2024-04-05 22:23:55.683,-0.37,-1.0
1454,38.50049,-112.88687,2024-04-05 22:24:00.887,-0.71,-1.0
1455,38.5026,-112.88396,2024-04-05 22:29:07.444,-0.9,-1.0
1456,38.50031,-112.88694,2024-04-05 22:29:29.179,-0.97,-1.0
1457,38.50065,-112.88552,2024-04-05 22:30:25.920,-1.0,-1.0
1458,38.49168,-112.89828,2024-04-05 22:30:31.575,-0.9,-1.0
1459,38.50047,-112.88687,2024-04-05 22:32:13.819,-0.62,-1.0
1460,38.50446,-112.88275,2024-04-05 22:34:15.350,-0.77,-1.0
1461,38.5007,-112.8868,2024-04-05 22:34:21.768,-0.92,-1.0
1462,38.50392,-112.88285,2024-04-05 22:35:08.959,-0.6,-1.0
1463,38.50387,-112.88293,2024-04-05 22:35:30.522,-0.48,-1.0
1464,38.50379,-112.8829,2024-04-05 22:35:53.782,-0.02,-1.0
1465,38.5037,-112.883,2024-04-05 22:36:01.484,-0.87,-1.0
1466,38.50156,-112.88649,2024-04-05 22:36:56.780,-0.77,-1.0
1467,38.50135,-112.88379,2024-04-05 22:38:05.570,-0.32,-1.0
1468,38.50049,-112.88687,2024-04-05 22:38:10.622,-0.7,-1.0
1469,38.50313,-112.88277,2024-04-05 22:38:48.301,-0.53,-1.0
1470,38.50457,-112.88261,2024-04-05 22:39:05.137,-0.83,-1.0
1471,38.50197,-112.88402,2024-04-05 22:40:44.811,-0.95,-1.0
1472,38.50124,-112.88649,2024-04-05 22:41:49.612,-0.87,-1.0
1473,38.5004,-112.88686,2024-04-05 22:42:46.841,-0.79,-1.0
1474,38.50232,-112.88386,2024-04-05 22:42:49.315,-0.74,-1.0
1475,38.50184,-112.88453,2024-04-05 22:43:50.892,0.09,-1.0
1476,38.50047,-112.88673,2024-04-05 22:43:59.002,-0.99,-1.0
1477,38.502,-112.88395,2024-04-05 22:44:06.664,-0.44,-1.0
1478,38.50211,-112.88257,2024-04-05 22:44:34.365,-0.91,-1.0
1479,38.50115,-112.88352,2024-04-05 22:46:31.907,-0.83,-1.0
1480,38.50104,-112.88648,2024-04-05 22:46:35.407,-0.08,-1.0
1481,38.50188,-112.88411,2024-04-05 22:47:10.311,-0.14,-1.0
1482,38.50078,-112.88659,2024-04-05 22:47:56.332,-0.89,-1.0
1483,38.50119,-112.88653,2024-04-05 22:48:10.472,-0.71,-1.0
1484,38.50175,-112.88445,2024-04-05 22:49:46.549,-0.18,-1.0
1485,38.50113,-112.88352,2024-04-05 22:50:51.003,-0.32,-1.0
1486,38.50241,-112.8861,2024-04-05 22:51:21.557,-0.82,-1.0
1487,38.50032,-112.8869,2024-04-05 22:51:45.198,-0.94,-1.0
1488,38.5026,-112.88398,2024-04-05 22:52:16.908,-0.71,-1.0
1489,38.50333,-112.88302,2024-04-05 22:52:27.111,-0.72,-1.0
1490,38.50294,-112.88392,2024-04-05 22:52:29.949,-0.83,-1.0
1491,38.50123,-112.88475,2024-04-05 22:52:44.714,-0.82,-1.0
1492,38.50078,-112.88658,2024-04-05 22:53:08.219,-0.7,-1.0
1493,38.50037,-112.88688,2024-04-05 22:54:54.864,-0.85,-1.0
1494,38.50143,-112.88392,2024-04-05 22:54:59.463,-0.68,-1.0
1495,38.50198,-112.88647,2024-04-05 22:55:19.463,-0.87,-1.0
1496,38.50126,-112.88381,2024-04-05 22:55:47.647,-0.93,-1.0
1497,38.50029,-112.88689,2024-04-05 22:56:28.006,-0.97,-1.0
1498,38.50055,-112.88692,2024-04-05 22:56:56.360,-0.99,-1.0
1499,38.50288,-112.88375,2024-04-05 22:57:59.633,-0.59,-1.0
1500,38.50119,-112.88653,2024-04-05 22:59:30.410,-0.9,-1.0
1501,38.502,-112.88395,2024-04-05 23:01:18.214,-0.37,-1.0
1502,38.503,-112.88369,2024-04-05 23:02:03.956,-0.91,-1.0
1503,38.50195,-112.88647,2024-04-05 23:03:31.442,-0.73,-1.0
1504,38.50119,-112.88656,2024-04-05 23:05:08.283,-0.89,-1.0
1505,38.50041,-112.88684,2024-04-05 23:06:15.673,-0.71,-1.0
1506,38.50278,-112.88404,2024-04-05 23:06:28.185,-0.97,-1.0
1507,38.50008,-112.88693,2024-04-05 23:06:39.112,-0.71,-1.0
1508,38.50111,-112.88648,2024-04-05 23:07:03.805,-0.94,-1.0
1509,38.50314,-112.88288,2024-04-05 23:09:27.409,-0.97,-1.0
1510,38.50124,-112.88514,2024-04-05 23:09:37.103,-0.94,-1.0
1511,38.50281,-112.88397,2024-04-05 23:09:54.325,-0.15,-1.0
1512,38.50129,-112.88649,2024-04-05 23:10:28.762,-0.62,-1.0
1513,38.50214,-112.88396,2024-04-05 23:11:08.518,-0.95,-1.0
1514,38.50256,-112.88365,2024-04-05 23:11:42.118,-0.81,-1.0
1515,38.50109,-112.88645,2024-04-05 23:12:06.281,-0.71,-1.0
1516,38.50084,-112.88649,2024-04-05 23:12:46.018,-0.47,-1.0
1517,38.50035,-112.887,2024-04-05 23:15:02.653,-0.96,-1.0
1518,38.50054,-112.88684,2024-04-05 23:17:55.554,-0.89,-1.0
1519,38.5011,-112.88648,2024-04-05 23:18:30.695,-0.4,-1.0
1520,38.50127,-112.8865,2024-04-05 23:19:21.203,-0.96,-1.0
1521,38.50304,-112.88262,2024-04-05 23:20:03.843,-0.35,-1.0
1522,38.50296,-112.88265,2024-04-05 23:20:11.100,-0.93,-1.0
1523,38.50202,-112.88467,2024-04-05 23:22:03.740,-0.84,-1.0
1524,38.50288,-112.88375,2024-04-05 23:24:08.834,-0.22,-1.0
1525,38.50338,-112.88312,2024-04-05 23:24:55.695,-0.9,-1.0
1526,38.5014,-112.88421,2024-04-05 23:25:29.782,-0.42,-1.0
1527,38.50152,-112.88379,2024-04-05 23:25:51.831,-0.91,-1.0
1528,38.50241,-112.8861,2024-04-05 23:26:07.991,-0.84,-1.0
1529,38.50264,-112.88398,2024-04-05 23:26:28.864,-0.87,-1.0
1530,38.50296,-112.8826,2024-04-05 23:27:01.759,-0.82,-1.0
1531,38.5011,-112.88648,2024-04-05 23:27:21.693,-0.15,-1.0
1532,38.50194,-112.88386,2024-04-05 23:28:53.728,-0.72,-1.0
1533,38.50266,-112.88354,2024-04-05 23:31:11.518,-0.66,-1.0
1534,38.50272,-112.88351,2024-04-05 23:31:29.827,-0.95,-1.0
1535,38.50008,-112.88693,2024-04-05 23:31:42.082,-0.41,-1.0
1536,38.50295,-112.88373,2024-04-05 23:32:05.180,-0.67,-1.0
1537,38.502,-112.88395,2024-04-05 23:32:53.800,-0.55,-1.0
1538,38.50352,-112.88266,2024-04-05 23:34:57.814,-0.92,-1.0
1539,38.5047,-112.88271,2024-04-05 23:36:15.516,-0.23,-1.0
1540,38.50182,-112.88453,2024-04-05 23:36:24.679,-0.58,-1.0
1541,38.50028,-112.88694,2024-04-05 23:37:00.301,-0.84,-1.0
1542,38.50035,-112.88694,2024-04-05 23:37:07.293,-0.92,-1.0
1543,38.50185,-112.88466,2024-04-05 23:38:47.358,-0.12,-1.0
1544,38.5007,-112.88647,2024-04-05 23:39:05.289,-0.95,-1.0
1545,38.50053,-112.88689,2024-04-05 23:39:08.423,-0.96,-1.0
1546,38.5016,-112.88478,2024-04-05 23:39:28.012,-0.99,-1.0
1547,38.50107,-112.88653,2024-04-05 23:39:39.006,-0.86,-1.0
1548,38.50275,-112.88337,2024-04-05 23:40:26.677,-0.6,-1.0
1549,38.50076,-112.88658,2024-04-05 23:40:48.575,-0.25,-1.0
1550,38.50247,-112.88438,2024-04-05 23:42:22.603,-0.73,-1.0
1551,38.50134,-112.88414,2024-04-05 23:44:54.266,-0.9,-1.0
1552,38.49701,-112.89808,2024-04-05 23:48:15.422,-0.98,-1.0
1553,38.50264,-112.88347,2024-04-05 23:48:37.535,-0.94,-1.0
1554,38.50033,-112.88701,2024-04-05 23:49:25.876,-0.16,-1.0
1555,38.49972,-112.88502,2024-04-05 23:49:33.086,-0.94,-1.0
1556,38.50224,-112.88388,2024-04-05 23:49:47.697,-0.97,-1.0
1557,38.5014,-112.88373,2024-04-05 23:52:04.169,-0.95,-1.0
1558,38.50019,-112.88693,2024-04-05 23:54:37.997,-0.96,-1.0
1559,38.50259,-112.88363,2024-04-05 23:55:05.966,-0.43,-1.0
1560,38.50082,-112.88641,2024-04-05 23:56:19.935,0.05,-1.0
1561,38.50104,-112.88649,2024-04-05 23:56:27.432,-0.76,-1.0
1562,38.50008,-112.88693,2024-04-05 23:57:56.087,-0.6,-1.0
1563,38.50202,-112.88403,2024-04-05 23:59:22.543,-0.92,-1.0
1564,38.50114,-112.88647,2024-04-06 00:00:26.760,-0.99,-1.0
1565,38.50078,-112.88658,2024-04-06 00:01:28.174,-0.74,-1.0
1566,38.50065,-112.8865,2024-04-06 00:01:44.346,-0.71,-1.0
1567,38.50348,-112.88296,2024-04-06 00:01:56.887,-0.8,-1.0
1568,38.49985,-112.88471,2024-04-06 00:04:11.657,-0.77,-1.0
1569,38.50294,-112.88337,2024-04-06 00:06:10.007,-0.63,-1.0
1570,38.50215,-112.88399,2024-04-06 00:06:26.215,-0.98,-1.0
1571,38.50299,-112.88368,2024-04-06 00:07:46.361,-0.95,-1.0
1572,38.50043,-112.88657,2024-04-06 00:07:52.421,-0.88,-1.0
1573,38.502,-112.88393,2024-04-06 00:08:24.957,-0.31,-1.0
1574,38.50256,-112.88434,2024-04-06 00:10:09.114,-0.64,-1.0
1575,38.504,-112.88282,2024-04-06 00:11:37.411,0.15,-1.0
1576,38.50499,-112.88271,2024-04-06 00:12:35.945,-0.92,-1.0
1577,38.49951,-112.88294,2024-04-06 00:12:45.375,-0.74,-1.0
1578,38.50411,-112.88295,2024-04-06 00:12:58.998,-0.79,-1.0
1579,38.50289,-112.88376,2024-04-06 00:15:11.581,-0.77,-1.0
1580,38.50148,-112.88381,2024-04-06 00:16:49.363,-0.94,-1.0
1581,38.50127,-112.88379,2024-04-06 00:18:13.296,-0.54,-1.0
1582,38.50061,-112.88548,2024-04-06 00:18:30.144,-0.98,-1.0
1583,38.50354,-112.88273,2024-04-06 00:20:04.529,-0.17,-1.0
1584,38.50005,-112.88666,2024-04-06 00:20:27.557,-0.21,-1.0
1585,38.50141,-112.88488,2024-04-06 00:20:48.446,-0.85,-1.0
1586,38.50193,-112.8838,2024-04-06 00:21:59.431,-0.84,-1.0
1587,38.50036,-112.88648,2024-04-06 00:24:37.054,-0.87,-1.0
1588,38.50066,-112.88658,2024-04-06 00:24:40.199,-0.17,-1.0
1589,38.50411,-112.8829,2024-04-06 00:24:47.172,-0.73,-1.0
1590,38.50288,-112.88375,2024-04-06 00:25:35.314,-0.51,-1.0
1591,38.50058,-112.88547,2024-04-06 00:25:45.990,-0.56,-1.0
1592,38.50008,-112.88693,2024-04-06 00:27:29.546,-0.9,-1.0
1593,38.50324,-112.88316,2024-04-06 00:28:08.412,-0.77,-1.0
1594,38.50347,-112.88302,2024-04-06 00:28:23.565,-0.55,-1.0
1595,38.50038,-112.88661,2024-04-06 00:28:27.145,-0.85,-1.0
1596,38.50276,-112.88437,2024-04-06 00:30:16.828,-0.99,-1.0
1597,38.50248,-112.88368,2024-04-06 00:30:57.951,0.99,-1.0
1598,38.50103,-112.88652,2024-04-06 00:31:28.253,-0.92,-1.0
1599,38.50188,-112.88411,2024-04-06 00:33:47.905,-0.43,-1.0
1600,38.50156,-112.88371,2024-04-06 00:33:51.311,-0.84,-1.0
1601,38.50188,-112.88411,2024-04-06 00:33:56.517,-0.25,-1.0
1602,38.50268,-112.88357,2024-04-06 00:34:03.694,-0.57,-1.0
1603,38.50261,-112.88428,2024-04-06 00:35:00.599,-0.85,-1.0
1604,38.50243,-112.88606,2024-04-06 00:35:11.656,-1.0,-1.0
1605,38.5028,-112.88435,2024-04-06 00:35:27.469,-0.95,-1.0
1606,38.50183,-112.88375,2024-04-06 00:36:04.993,-0.74,-1.0
1607,38.50065,-112.8865,2024-04-06 00:37:43.149,-0.64,-1.0
1608,38.50256,-112.88427,2024-04-06 00:38:05.747,-0.65,-1.0
1609,38.50221,-112.88635,2024-04-06 00:38:36.082,-0.92,-1.0
1610,38.50037,-112.88663,2024-04-06 00:40:30.023,-0.97,-1.0
1611,38.50206,-112.88381,2024-04-06 00:40:45.703,0.05,-1.0
1612,38.502,-112.88395,2024-04-06 00:40:52.247,-0.44,-1.0
1613,38.5008,-112.8865,2024-04-06 00:41:03.204,-0.91,-1.0
1614,38.50211,-112.88402,2024-04-06 00:41:42.613,-0.95,-1.0
1615,38.50303,-112.88333,2024-04-06 00:42:45.009,-0.99,-1.0
1616,38.50448,-112.88275,2024-04-06 00:43:12.965,-0.74,-1.0
1617,38.50144,-112.88375,2024-04-06 00:44:09.827,-0.7,-1.0
1618,38.50125,-112.88417,2024-04-06 00:46:19.713,-0.86,-1.0
1619,38.5001,-112.88666,2024-04-06 00:46:36.984,-0.28,-1.0
1620,38.50267,-112.88421,2024-04-06 00:46:51.093,-0.87,-1.0
1621,38.50015,-112.88695,2024-04-06 00:47:12.452,-0.65,-1.0
1622,38.49996,-112.88566,2024-04-06 00:51:37.267,-0.33,-1.0
1623,38.49943,-112.88508,2024-04-06 00:55:32.256,-0.99,-1.0
1624,38.50277,-112.88426,2024-04-06 00:56:42.126,-0.36,-1.0
1625,38.50065,-112.8865,2024-04-06 00:57:00.026,-0.64,-1.0
1626,38.50456,-112.88279,2024-04-06 00:57:14.883,-0.14,-1.0
1627,38.5018,-112.88456,2024-04-06 00:58:23.646,-0.82,-1.0
1628,38.50259,-112.88434,2024-04-06 00:58:56.467,-0.93,-1.0
1629,38.5039,-112.88222,2024-04-06 00:59:13.511,-0.97,-1.0
1630,38.5005,-112.88644,2024-04-06 00:59:19.383,-1.0,-1.0
1631,38.50292,-112.88373,2024-04-06 00:59:39.550,-0.93,-1.0
1632,38.49995,-112.88517,2024-04-06 01:00:43.962,-0.52,-1.0
1633,38.50269,-112.88433,2024-04-06 01:02:24.027,-0.71,-1.0
1634,38.50108,-112.88648,2024-04-06 01:03:04.912,-0.83,-1.0
1635,38.50188,-112.88385,2024-04-06 01:05:05.174,-0.6,-1.0
1636,38.50106,-112.88509,2024-04-06 01:05:59.881,-0.41,-1.0
1637,38.50221,-112.88635,2024-04-06 01:07:37.750,-0.84,-1.0
1638,38.50281,-112.88393,2024-04-06 01:07:44.445,-0.32,-1.0
1639,38.50067,-112.88649,2024-04-06 01:08:06.679,-0.98,-1.0
1640,38.50106,-112.88647,2024-04-06 01:08:22.229,-0.35,-1.0
1641,38.50005,-112.88666,2024-04-06 01:08:34.454,-0.13,-1.0
1642,38.5018,-112.88477,2024-04-06 01:08:44.116,-0.64,-1.0
1643,38.50373,-112.88255,2024-04-06 01:08:47.485,-0.85,-1.0
1644,38.50345,-112.88393,2024-04-06 01:08:59.987,-0.99,-1.0
1645,38.5019,-112.88442,2024-04-06 01:09:59.667,-0.83,-1.0
1646,38.5001,-112.88422,2024-04-06 01:10:24.105,-0.75,-1.0
1647,38.50103,-112.88652,2024-04-06 01:10:56.611,-0.81,-1.0
1648,38.5033,-112.88315,2024-04-06 01:10:59.779,-0.2,-1.0
1649,38.50212,-112.88395,2024-04-06 01:12:22.750,-0.53,-1.0
1650,38.50046,-112.88643,2024-04-06 01:12:25.713,-0.89,-1.0
1651,38.50279,-112.88599,2024-04-06 01:12:46.279,-0.83,-1.0
1652,38.50197,-112.88386,2024-04-06 01:13:07.480,-0.89,-1.0
1653,38.50065,-112.8865,2024-04-06 01:13:22.803,-0.6,-1.0
1654,38.50043,-112.88497,2024-04-06 01:14:16.966,-0.46,-1.0
1655,38.50008,-112.88693,2024-04-06 01:17:04.515,-0.77,-1.0
1656,38.50225,-112.88425,2024-04-06 01:17:39.244,-0.67,-1.0
1657,38.50228,-112.88375,2024-04-06 01:17:47.755,-0.85,-1.0
1658,38.50197,-112.88426,2024-04-06 01:17:49.896,-0.32,-1.0
1659,38.50345,-112.88293,2024-04-06 01:18:01.772,-0.85,-1.0
1660,38.50216,-112.88382,2024-04-06 01:21:51.962,-0.68,-1.0
1661,38.5026,-112.88623,2024-04-06 01:23:45.147,-0.8,-1.0
1662,38.50065,-112.8865,2024-04-06 01:23:52.940,-0.77,-1.0
1663,38.49991,-112.885,2024-04-06 01:24:22.559,-0.13,-1.0
1664,38.50351,-112.88315,2024-04-06 01:24:27.479,0.56,-1.0
1665,38.50237,-112.88364,2024-04-06 01:27:15.297,-0.92,-1.0
1666,38.50275,-112.88433,2024-04-06 01:28:35.481,-0.55,-1.0
1667,38.50065,-112.8865,2024-04-06 01:28:42.832,-0.71,-1.0
1668,38.50027,-112.88539,2024-04-06 01:29:52.415,-0.89,-1.0
1669,38.50118,-112.88352,2024-04-06 01:30:31.621,-0.77,-1.0
1670,38.5028,-112.8834,2024-04-06 01:34:12.944,-0.56,-1.0
1671,38.50242,-112.88377,2024-04-06 01:34:46.770,-0.82,-1.0
1672,38.50287,-112.88418,2024-04-06 01:35:17.783,-0.93,-1.0
1673,38.50033,-112.88506,2024-04-06 01:35:24.277,-0.66,-1.0
1674,38.50275,-112.88427,2024-04-06 01:36:01.252,-0.92,-1.0
1675,38.50147,-112.8837,2024-04-06 01:39:16.590,-0.78,-1.0
1676,38.50099,-112.88647,2024-04-06 01:40:59.922,-0.41,-1.0
1677,38.50259,-112.88434,2024-04-06 01:41:20.054,-0.6,-1.0
1678,38.50242,-112.88429,2024-04-06 01:41:26.959,-0.94,-1.0
1679,38.50005,-112.89017,2024-04-06 01:43:18.574,-0.95,-1.0
1680,38.50149,-112.88411,2024-04-06 01:44:30.822,-0.91,-1.0
1681,38.50283,-112.88627,2024-04-06 01:45:07.893,-0.72,-1.0
1682,38.50188,-112.88411,2024-04-06 01:45:11.310,-0.72,-1.0
1683,38.50106,-112.88641,2024-04-06 01:49:03.323,-0.7,-1.0
1684,38.50009,-112.88653,2024-04-06 01:49:21.641,-0.85,-1.0
1685,38.50285,-112.88416,2024-04-06 01:51:25.191,-0.63,-1.0
1686,38.50108,-112.88648,2024-04-06 01:53:47.698,-0.75,-1.0
1687,38.50078,-112.88641,2024-04-06 01:54:23.401,0.42,-1.0
1688,38.50226,-112.88384,2024-04-06 01:54:43.102,-0.84,-1.0
1689,38.50272,-112.88433,2024-04-06 01:54:55.168,-0.53,-1.0
1690,38.50005,-112.88666,2024-04-06 01:55:48.002,0.11,-1.0
1691,38.50063,-112.88547,2024-04-06 01:55:52.330,0.04,-1.0
1692,38.50346,-112.88304,2024-04-06 01:57:02.888,-0.86,-1.0
1693,38.50065,-112.8865,2024-04-06 01:57:53.745,-0.8,-1.0
1694,38.50139,-112.88392,2024-04-06 01:58:00.832,-0.91,-1.0
1695,38.50184,-112.88449,2024-04-06 01:58:22.779,-0.55,-1.0
1696,38.50362,-112.88255,2024-04-06 01:59:06.351,-0.96,-1.0
1697,38.50358,-112.88273,2024-04-06 01:59:15.688,0.09,-1.0
1698,38.50001,-112.88658,2024-04-06 02:01:17.109,-0.95,-1.0
1699,38.50187,-112.88449,2024-04-06 02:03:54.724,0.01,-1.0
1700,38.50287,-112.88418,2024-04-06 02:05:40.759,-0.71,-1.0
1701,38.50338,-112.88375,2024-04-06 02:09:30.736,-0.94,-1.0
1702,38.50031,-112.8847,2024-04-06 02:11:41.288,-0.76,-1.0
1703,38.50088,-112.88695,2024-04-06 02:13:07.471,-0.25,-1.0
1704,38.50107,-112.88639,2024-04-06 02:14:56.896,0.42,-1.0
1705,38.50287,-112.88418,2024-04-06 02:17:34.940,-0.64,-1.0
1706,38.49975,-112.88479,2024-04-06 02:18:13.247,-0.82,-1.0
1707,38.49985,-112.88665,2024-04-06 02:20:16.095,-0.99,-1.0
1708,38.50307,-112.8864,2024-04-06 02:21:13.725,-0.58,-1.0
1709,38.50188,-112.88411,2024-04-06 02:24:08.318,-0.52,-1.0
1710,38.50339,-112.88375,2024-04-06 02:24:58.637,-0.94,-1.0
1711,38.50194,-112.88389,2024-04-06 02:26:14.917,-0.83,-1.0
1712,38.50047,-112.88525,2024-04-06 02:26:21.056,-0.34,-1.0
1713,38.49995,-112.88517,2024-04-06 02:26:46.129,-0.7,-1.0
1714,38.50072,-112.88641,2024-04-06 02:28:03.608,0.68,-1.0
1715,38.50234,-112.88359,2024-04-06 02:30:17.874,-0.57,-1.0
1716,38.50128,-112.8839,2024-04-06 02:31:14.550,-0.63,-1.0
1717,38.50335,-112.88375,2024-04-06 02:33:34.847,-0.86,-1.0
1718,38.50005,-112.88656,2024-04-06 02:33:37.600,-0.99,-1.0
1719,38.5035,-112.88375,2024-04-06 02:34:16.303,-0.92,-1.0
1720,38.5034,-112.88298,2024-04-06 02:34:46.684,-0.91,-1.0
1721,38.50328,-112.88307,2024-04-06 02:34:50.572,-0.07,-1.0
1722,38.50247,-112.88431,2024-04-06 02:36:49.817,-0.96,-1.0
1723,38.50007,-112.88564,2024-04-06 02:37:25.980,-0.83,-1.0
1724,38.50005,-112.88666,2024-04-06 02:38:14.972,-0.17,-1.0
1725,38.50356,-112.88295,2024-04-06 02:40:39.529,-0.9,-1.0
1726,38.50279,-112.88433,2024-04-06 02:41:00.245,-0.24,-1.0
1727,38.5035,-112.88387,2024-04-06 02:43:19.588,-0.91,-1.0
1728,38.49917,-112.88569,2024-04-06 02:45:02.819,-0.82,-1.0
1729,38.49977,-112.88562,2024-04-06 02:46:22.546,-0.49,-1.0
1730,38.49917,-112.88569,2024-04-06 02:46:50.254,-0.82,-1.0
1731,38.50051,-112.88517,2024-04-06 02:47:59.315,-0.33,-1.0
1732,38.49996,-112.88566,2024-04-06 02:48:43.352,-0.63,-1.0
1733,38.50363,-112.88299,2024-04-06 02:50:26.833,-0.35,-1.0
1734,38.50287,-112.88418,2024-04-06 02:50:51.188,-0.46,-1.0
1735,38.50206,-112.88381,2024-04-06 02:50:55.791,0.02,-1.0
1736,38.50347,-112.88389,2024-04-06 02:52:25.197,-0.91,-1.0
1737,38.50078,-112.88639,2024-04-06 02:52:33.391,-0.82,-1.0
1738,38.50027,-112.88554,2024-04-06 02:52:40.814,-0.71,-1.0
1739,38.50442,-112.88282,2024-04-06 02:52:51.106,-0.51,-1.0
1740,38.49985,-112.88657,2024-04-06 02:55:05.346,-0.98,-1.0
1741,38.50137,-112.88411,2024-04-06 02:55:28.552,-0.73,-1.0
1742,38.50198,-112.88386,2024-04-06 02:56:14.774,-1.0,-1.0
1743,38.50212,-112.88395,2024-04-06 02:56:28.151,-0.84,-1.0
1744,38.50043,-112.88497,2024-04-06 02:57:21.934,0.12,-1.0
1745,38.50154,-112.8864,2024-04-06 02:58:45.488,-0.71,-1.0
1746,38.502,-112.88395,2024-04-06 02:58:55.669,-0.87,-1.0
1747,38.50323,-112.88375,2024-04-06 03:02:19.416,-0.66,-1.0
1748,38.50442,-112.88275,2024-04-06 03:02:49.713,-0.42,-1.0
1749,38.50107,-112.88647,2024-04-06 03:03:59.568,-0.91,-1.0
1750,38.50027,-112.88539,2024-04-06 03:04:20.323,-0.76,-1.0
1751,38.50256,-112.88453,2024-04-06 03:05:39.758,-0.78,-1.0
1752,38.5012,-112.88421,2024-04-06 03:05:56.200,-0.2,-1.0
1753,38.50012,-112.88666,2024-04-06 03:10:28.432,-0.65,-1.0
1754,38.50324,-112.88323,2024-04-06 03:10:57.189,-0.14,-1.0
1755,38.50379,-112.88218,2024-04-06 03:11:25.902,-0.94,-1.0
1756,38.50233,-112.88377,2024-04-06 03:12:26.450,-0.96,-1.0
1757,38.50065,-112.8865,2024-04-06 03:13:13.401,-0.93,-1.0
1758,38.50357,-112.8829,2024-04-06 03:13:32.887,-0.7,-1.0
1759,38.50121,-112.88352,2024-04-06 03:13:47.341,-0.94,-1.0
1760,38.50231,-112.88385,2024-04-06 03:16:43.391,-0.74,-1.0
1761,38.50108,-112.88648,2024-04-06 03:17:39.488,-0.8,-1.0
1762,38.502,-112.88385,2024-04-06 03:17:42.304,-0.23,-1.0
1763,38.50005,-112.88666,2024-04-06 03:18:22.796,-0.18,-1.0
1764,38.50339,-112.88375,2024-04-06 03:21:36.671,-0.97,-1.0
1765,38.50329,-112.88377,2024-04-06 03:22:23.217,-0.81,-1.0
1766,38.50083,-112.88641,2024-04-06 03:22:44.079,-0.98,-1.0
1767,38.50244,-112.88358,2024-04-06 03:24:15.306,-0.81,-1.0
1768,38.50275,-112.88433,2024-04-06 03:25:11.292,-0.55,-1.0
1769,38.50258,-112.88354,2024-04-06 03:26:01.288,-0.33,-1.0
1770,38.50244,-112.88635,2024-04-06 03:28:03.483,-0.61,-1.0
1771,38.50343,-112.88273,2024-04-06 03:28:46.739,-0.94,-1.0
1772,38.50222,-112.88374,2024-04-06 03:28:54.116,0.24,-1.0
1773,38.5009,-112.88655,2024-04-06 03:31:07.254,-0.85,-1.0
1774,38.50344,-112.88375,2024-04-06 03:31:24.877,-0.87,-1.0
1775,38.50126,-112.8864,2024-04-06 03:32:15.050,-0.74,-1.0
1776,38.50088,-112.88358,2024-04-06 03:36:03.871,-0.76,-1.0
1777,38.50188,-112.88381,2024-04-06 03:37:43.700,-0.65,-1.0
1778,38.50262,-112.88434,2024-04-06 03:38:06.582,-0.8,-1.0
1779,38.49992,-112.88578,2024-04-06 03:41:37.859,-0.69,-1.0
1780,38.4998,-112.88558,2024-04-06 03:41:53.671,-0.19,-1.0
1781,38.50343,-112.88384,2024-04-06 03:42:03.131,-0.99,-1.0
1782,38.50203,-112.88368,2024-04-06 03:46:09.832,0.5,-1.0
1783,38.50287,-112.88418,2024-04-06 03:46:30.708,-0.56,-1.0
1784,38.50082,-112.88641,2024-04-06 03:48:38.886,0.52,-1.0
1785,38.50108,-112.88648,2024-04-06 03:48:49.852,-0.66,-1.0
1786,38.50404,-112.88261,2024-04-06 03:48:59.680,-0.29,-1.0
1787,38.50193,-112.8836,2024-04-06 03:49:04.493,0.86,-1.0
1788,38.50349,-112.88381,2024-04-06 03:49:59.912,-0.87,-1.0
1789,38.50515,-112.88261,2024-04-06 03:51:08.446,-0.86,-1.0
1790,38.50275,-112.88433,2024-04-06 03:52:24.224,-0.86,-1.0
1791,38.50104,-112.88647,2024-04-06 03:53:01.191,-0.34,-1.0
1792,38.50206,-112.88381,2024-04-06 03:58:30.659,0.21,-1.0
1793,38.50485,-112.88228,2024-04-06 04:00:25.637,-0.43,-1.0
1794,38.50005,-112.88666,2024-04-06 04:00:56.566,0.06,-1.0
1795,38.50288,-112.88371,2024-04-06 04:02:38.297,-0.95,-1.0
1796,38.50419,-112.88252,2024-04-06 04:05:00.942,-0.99,-1.0
1797,38.50182,-112.88363,2024-04-06 04:05:12.901,-0.85,-1.0
1798,38.50194,-112.88386,2024-04-06 04:07:49.636,-0.92,-1.0
1799,38.50363,-112.88381,2024-04-06 04:10:32.844,-0.77,-1.0
1800,38.50473,-112.8827,2024-04-06 04:11:52.188,-0.13,-1.0
1801,38.50016,-112.88555,2024-04-06 04:13:07.040,-0.51,-1.0
1802,38.50324,-112.88317,2024-04-06 04:13:57.776,-0.39,-1.0
1803,38.50065,-112.8865,2024-04-06 04:14:20.810,-0.95,-1.0
1804,38.50362,-112.88333,2024-04-06 04:15:27.872,-0.96,-1.0
1805,38.50206,-112.88359,2024-04-06 04:16:52.811,-0.29,-1.0
1806,38.50231,-112.88385,2024-04-06 04:17:32.631,-0.79,-1.0
1807,38.50097,-112.88647,2024-04-06 04:20:59.373,0.13,-1.0
1808,38.50234,-112.88381,2024-04-06 04:23:59.284,-0.89,-1.0
1809,38.50341,-112.88304,2024-04-06 04:25:34.962,-0.57,-1.0
1810,38.50051,-112.88529,2024-04-06 04:27:55.483,-0.97,-1.0
1811,38.50181,-112.88363,2024-04-06 04:33:00.036,-0.75,-1.0
1812,38.50075,-112.88641,2024-04-06 04:33:02.821,-0.61,-1.0
1813,38.50413,-112.88252,2024-04-06 04:37:14.557,-0.56,-1.0
1814,38.50013,-112.88561,2024-04-06 04:42:46.846,-0.9,-1.0
1815,38.50262,-112.88619,2024-04-06 04:47:40.705,-0.88,-1.0
1816,38.50444,-112.88275,2024-04-06 04:48:11.400,-0.77,-1.0
1817,38.49971,-112.88574,2024-04-06 04:49:08.671,-0.62,-1.0
1818,38.49997,-112.88666,2024-04-06 04:50:23.210,-0.82,-1.0
1819,38.49957,-112.8858,2024-04-06 04:50:55.530,-0.2,-1.0
1820,38.50216,-112.88368,2024-04-06 04:54:35.282,-0.95,-1.0
1821,38.50013,-112.88565,2024-04-06 04:54:58.705,-0.63,-1.0
1822,38.50044,-112.8852,2024-04-06 04:58:27.073,-1.0,-1.0
1823,38.50067,-112.88641,2024-04-06 04:58:51.924,0.55,-1.0
1824,38.50519,-112.88238,2024-04-06 05:00:47.642,-0.83,-1.0
1825,38.50198,-112.88371,2024-04-06 05:02:18.377,-0.62,-1.0
1826,38.50181,-112.88363,2024-04-06 05:02:49.946,-0.96,-1.0
1827,38.50411,-112.8829,2024-04-06 05:06:40.629,-0.66,-1.0
1828,38.50209,-112.8838,2024-04-06 05:07:48.219,-0.83,-1.0
1829,38.50188,-112.88381,2024-04-06 05:08:57.514,-0.94,-1.0
1830,38.50197,-112.88382,2024-04-06 05:10:12.305,-0.86,-1.0
1831,38.50343,-112.88311,2024-04-06 05:11:19.288,-0.8,-1.0
1832,38.50078,-112.88639,2024-04-06 05:16:10.754,0.07,-1.0
1833,38.49887,-112.88517,2024-04-06 05:17:27.034,-0.87,-1.0
1834,38.50332,-112.88303,2024-04-06 05:23:19.358,-0.68,-1.0
1835,38.50299,-112.88337,2024-04-06 05:24:50.216,-0.94,-1.0
1836,38.49988,-112.88639,2024-04-06 05:27:52.934,-0.22,-1.0
1837,38.50091,-112.88639,2024-04-06 05:31:40.141,-0.63,-1.0
1838,38.50163,-112.88363,2024-04-06 05:31:51.797,-0.01,-1.0
1839,38.50084,-112.88649,2024-04-06 05:33:14.039,-0.99,-1.0
1840,38.50293,-112.88303,2024-04-06 05:34:34.027,-0.6,-1.0
1841,38.50365,-112.88329,2024-04-06 05:38:33.288,-0.67,-1.0
1842,38.50206,-112.88359,2024-04-06 05:38:49.608,-0.17,-1.0
1843,38.5003,-112.88639,2024-04-06 05:41:43.181,-0.96,-1.0
1844,38.5047,-112.88271,2024-04-06 05:43:02.102,-0.15,-1.0
1845,38.50088,-112.88639,2024-04-06 05:45:56.414,-0.74,-1.0
1846,38.50112,-112.88633,2024-04-06 05:47:03.362,-0.59,-1.0
1847,38.50413,-112.8826,2024-04-06 05:50:54.312,-0.84,-1.0
1848,38.50075,-112.88641,2024-04-06 05:52:48.966,-0.65,-1.0
1849,38.50018,-112.88552,2024-04-06 05:56:12.161,-0.63,-1.0
1850,38.50465,-112.88275,2024-04-06 05:58:41.858,-0.11,-1.0
1851,38.504,-112.88257,2024-04-06 05:59:19.612,-0.85,-1.0
1852,38.50105,-112.8863,2024-04-06 06:02:52.650,-0.93,-1.0
1853,38.50067,-112.88641,2024-04-06 06:03:21.035,-0.79,-1.0
1854,38.49994,-112.88639,2024-04-06 06:03:54.562,0.04,-1.0
1855,38.50066,-112.88641,2024-04-06 06:08:01.325,0.15,-1.0
1856,38.5035,-112.88301,2024-04-06 06:10:45.979,-0.68,-1.0
1857,38.49973,-112.8857,2024-04-06 06:11:44.475,-0.74,-1.0
1858,38.50324,-112.88312,2024-04-06 06:12:17.800,0.06,-1.0
1859,38.50088,-112.88639,2024-04-06 06:16:02.413,-0.0,-1.0
1860,38.50167,-112.8837,2024-04-06 06:16:34.348,-0.44,-1.0
1861,38.50164,-112.88363,2024-04-06 06:18:47.990,-0.97,-1.0
1862,38.49866,-112.8857,2024-04-06 06:21:29.378,-0.81,-1.0
1863,38.50429,-112.88257,2024-04-06 06:21:54.463,-0.79,-1.0
1864,38.50186,-112.88202,2024-04-06 06:23:29.413,-0.87,-1.0
1865,38.50181,-112.88363,2024-04-06 06:25:36.152,-0.59,-1.0
1866,38.50013,-112.88565,2024-04-06 06:26:23.453,-0.48,-1.0
1867,38.50339,-112.88359,2024-04-06 06:29:43.423,-0.97,-1.0
1868,38.49917,-112.88569,2024-04-06 06:30:12.776,-0.96,-1.0
1869,38.50067,-112.88641,2024-04-06 06:32:50.888,-0.83,-1.0
1870,38.49969,-112.88501,2024-04-06 06:34:12.545,-0.61,-1.0
1871,38.50077,-112.88641,2024-04-06 06:36:10.790,-0.99,-1.0
1872,38.50171,-112.88363,2024-04-06 06:36:13.818,-0.92,-1.0
1873,38.49979,-112.8857,2024-04-06 06:37:41.153,-0.21,-1.0
1874,38.50515,-112.88261,2024-04-06 06:39:09.691,-0.52,-1.0
1875,38.49999,-112.88631,2024-04-06 06:44:14.749,-0.38,-1.0
1876,38.50365,-112.88299,2024-04-06 06:48:44.520,-0.56,-1.0
1877,38.50078,-112.88639,2024-04-06 06:51:07.617,-0.53,-1.0
1878,38.5008,-112.88639,2024-04-06 06:53:46.905,-0.27,-1.0
1879,38.50219,-112.88368,2024-04-06 06:55:19.814,-0.84,-1.0
1880,38.50216,-112.88368,2024-04-06 06:55:55.564,-0.52,-1.0
1881,38.50456,-112.88279,2024-04-06 06:56:31.625,-0.34,-1.0
1882,38.50447,-112.88275,2024-04-06 06:59:27.082,-0.83,-1.0
1883,38.50012,-112.88639,2024-04-06 07:00:54.148,-0.89,-1.0
1884,38.50013,-112.88424,2024-04-06 07:01:49.267,-0.96,-1.0
1885,38.50204,-112.88357,2024-04-06 07:02:15.516,-0.58,-1.0
1886,38.50084,-112.88641,2024-04-06 07:02:23.648,-0.76,-1.0
1887,38.50049,-112.88639,2024-04-06 07:03:30.713,-0.44,-1.0
1888,38.50151,-112.88604,2024-04-06 07:05:45.361,-0.84,-1.0
1889,38.50088,-112.88639,2024-04-06 07:07:35.332,-0.51,-1.0
1890,38.50072,-112.88641,2024-04-06 07:08:56.171,-0.97,-1.0
1891,38.50176,-112.88633,2024-04-06 07:10:45.055,-0.95,-1.0
1892,38.50134,-112.88382,2024-04-06 07:11:35.205,-0.68,-1.0
1893,38.49977,-112.88623,2024-04-06 07:13:36.653,-0.97,-1.0
1894,38.50066,-112.88641,2024-04-06 07:19:41.241,-0.28,-1.0
1895,38.49879,-112.88679,2024-04-06 07:23:01.853,0.17,-1.0
1896,38.50162,-112.88354,2024-04-06 07:23:07.940,-0.87,-1.0
1897,38.50071,-112.88641,2024-04-06 07:24:49.645,-0.93,-1.0
1898,38.50055,-112.88521,2024-04-06 07:26:17.160,-0.91,-1.0
1899,38.50442,-112.88275,2024-04-06 07:29:54.773,-0.79,-1.0
1900,38.49975,-112.88479,2024-04-06 07:30:41.842,-0.44,-1.0
1901,38.5,-112.88639,2024-04-06 07:30:44.944,-0.18,-1.0
1902,38.4997,-112.88572,2024-04-06 07:35:15.068,-0.64,-1.0
1903,38.5018,-112.88627,2024-04-06 07:36:11.267,-0.96,-1.0
1904,38.50177,-112.88626,2024-04-06 07:39:07.817,-0.75,-1.0
1905,38.50078,-112.88639,2024-04-06 07:42:42.428,0.03,-1.0
1906,38.50085,-112.88639,2024-04-06 07:43:05.690,-0.72,-1.0
1907,38.50215,-112.88616,2024-04-06 07:44:30.402,-0.94,-1.0
1908,38.49986,-112.88639,2024-04-06 07:48:37.290,-0.98,-1.0
1909,38.50217,-112.88362,2024-04-06 07:48:57.275,-0.58,-1.0
1910,38.50013,-112.88565,2024-04-06 07:49:14.211,-0.47,-1.0
1911,38.50342,-112.88356,2024-04-06 07:49:47.677,-0.2,-1.0
1912,38.50088,-112.88639,2024-04-06 07:50:32.383,-0.75,-1.0
1913,38.50067,-112.88641,2024-04-06 07:51:03.169,-0.7,-1.0
1914,38.50108,-112.88648,2024-04-06 07:51:15.990,-0.69,-1.0
1915,38.50357,-112.88299,2024-04-06 07:53:43.177,-0.4,-1.0
1916,38.50004,-112.88566,2024-04-06 08:00:08.316,-0.97,-1.0
1917,38.50184,-112.88628,2024-04-06 08:01:13.103,-0.7,-1.0
1918,38.50013,-112.88639,2024-04-06 08:01:16.622,-0.96,-1.0
1919,38.50108,-112.88648,2024-04-06 08:01:29.435,-0.81,-1.0
1920,38.5039,-112.88218,2024-04-06 08:01:46.901,-0.78,-1.0
1921,38.50086,-112.88642,2024-04-06 08:01:50.555,-0.36,-1.0
1922,38.50113,-112.88645,2024-04-06 08:02:06.418,-0.82,-1.0
1923,38.50067,-112.88641,2024-04-06 08:02:12.063,0.02,-1.0
1924,38.50176,-112.88403,2024-04-06 08:02:23.782,-0.69,-1.0
1925,38.50237,-112.8863,2024-04-06 08:02:30.683,-0.77,-1.0
1926,38.50169,-112.88628,2024-04-06 08:04:14.580,-0.76,-1.0
1927,38.50269,-112.88625,2024-04-06 08:04:29.718,-0.86,-1.0
1928,38.49977,-112.88561,2024-04-06 08:05:18.382,-0.76,-1.0
1929,38.50464,-112.88232,2024-04-06 08:05:45.830,-0.87,-1.0
1930,38.49968,-112.88586,2024-04-06 08:10:50.771,-0.49,-1.0
1931,38.50108,-112.88648,2024-04-06 08:10:56.310,-0.98,-1.0
1932,38.50085,-112.88639,2024-04-06 08:11:02.703,-0.34,-1.0
1933,38.50088,-112.88639,2024-04-06 08:14:30.938,-0.61,-1.0
1934,38.49877,-112.88556,2024-04-06 08:14:35.672,-0.91,-1.0
1935,38.50151,-112.88624,2024-04-06 08:16:27.106,-0.88,-1.0
1936,38.50108,-112.88648,2024-04-06 08:16:54.543,-0.75,-1.0
1937,38.50291,-112.88617,2024-04-06 08:17:43.538,-0.22,-1.0
1938,38.50362,-112.88303,2024-04-06 08:20:34.740,-0.77,-1.0
1939,38.50335,-112.88361,2024-04-06 08:20:45.723,-0.98,-1.0
1940,38.50253,-112.88623,2024-04-06 08:21:02.298,-0.91,-1.0
1941,38.50077,-112.88641,2024-04-06 08:21:26.745,-0.87,-1.0
1942,38.50326,-112.88362,2024-04-06 08:22:02.374,-0.66,-1.0
1943,38.5,-112.88639,2024-04-06 08:22:40.300,-0.29,-1.0
1944,38.50153,-112.88647,2024-04-06 08:22:48.505,-0.43,-1.0
1945,38.5008,-112.88641,2024-04-06 08:23:12.310,-0.99,-1.0
1946,38.50146,-112.8862,2024-04-06 08:23:36.000,-0.95,-1.0
1947,38.50321,-112.88352,2024-04-06 08:24:09.762,-0.46,-1.0
1948,38.50066,-112.88641,2024-04-06 08:24:33.933,-0.1,-1.0
1949,38.50171,-112.88627,2024-04-06 08:24:45.191,-0.89,-1.0
1950,38.50178,-112.88628,2024-04-06 08:25:50.698,-0.26,-1.0
1951,38.50218,-112.88616,2024-04-06 08:25:57.930,-0.58,-1.0
1952,38.50171,-112.88639,2024-04-06 08:27:02.751,0.13,-1.0
1953,38.50105,-112.88638,2024-04-06 08:28:35.750,-0.83,-1.0
1954,38.50111,-112.88683,2024-04-06 08:28:40.509,-0.71,-1.0
1955,38.50266,-112.88623,2024-04-06 08:29:18.945,-0.53,-1.0
1956,38.50397,-112.88255,2024-04-06 08:30:47.226,-0.73,-1.0
1957,38.49869,-112.88662,2024-04-06 08:32:25.456,-0.76,-1.0
1958,38.50083,-112.88641,2024-04-06 08:32:32.570,-0.74,-1.0
1959,38.50223,-112.88567,2024-04-06 08:32:57.344,-0.7,-1.0
1960,38.49942,-112.88715,2024-04-06 08:33:03.785,-0.6,-1.0
1961,38.5025,-112.88609,2024-04-06 08:33:07.099,-0.9,-1.0
1962,38.50085,-112.88639,2024-04-06 08:34:49.258,-0.24,-1.0
1963,38.50078,-112.88639,2024-04-06 08:34:55.454,0.09,-1.0
1964,38.50066,-112.88641,2024-04-06 08:40:15.928,0.23,-1.0
1965,38.50077,-112.88641,2024-04-06 08:41:41.663,-0.52,-1.0
1966,38.50048,-112.88639,2024-04-06 08:42:01.914,-0.68,-1.0
1967,38.50018,-112.88557,2024-04-06 08:42:07.889,-0.75,-1.0
1968,38.4996,-112.88519,2024-04-06 08:43:01.360,-0.37,-1.0
1969,38.50113,-112.88646,2024-04-06 08:44:13.708,-0.92,-1.0
1970,38.50067,-112.88649,2024-04-06 08:44:17.847,-0.96,-1.0
1971,38.4986,-112.88685,2024-04-06 08:44:57.738,-0.17,-1.0
1972,38.50509,-112.88251,2024-04-06 08:45:27.647,-0.88,-1.0
1973,38.50357,-112.88352,2024-04-06 08:45:56.220,-0.89,-1.0
1974,38.50215,-112.88635,2024-04-06 08:47:56.748,-0.98,-1.0
1975,38.50245,-112.88319,2024-04-06 08:48:23.023,-0.83,-1.0
1976,38.50309,-112.88631,2024-04-06 08:49:26.912,-0.69,-1.0
1977,38.49987,-112.88639,2024-04-06 08:49:56.907,-0.97,-1.0
1978,38.50256,-112.88641,2024-04-06 08:52:18.869,-0.57,-1.0
1979,38.50243,-112.8863,2024-04-06 08:52:49.237,-0.29,-1.0
1980,38.50003,-112.88666,2024-04-06 08:55:17.877,-0.76,-1.0
1981,38.50077,-112.88641,2024-04-06 08:56:28.269,0.11,-1.0
1982,38.50085,-112.88639,2024-04-06 08:59:06.787,-0.24,-1.0
1983,38.50088,-112.88639,2024-04-06 08:59:13.535,-0.62,-1.0
1984,38.50108,-112.88648,2024-04-06 08:59:39.640,-0.96,-1.0
1985,38.50067,-112.88641,2024-04-06 09:00:37.009,-0.87,-1.0
1986,38.50117,-112.88639,2024-04-06 09:01:10.792,-0.59,-1.0
1987,38.50286,-112.88628,2024-04-06 09:01:18.996,-0.86,-1.0
1988,38.50007,-112.88572,2024-04-06 09:02:34.707,-0.88,-1.0
1989,38.50354,-112.88351,2024-04-06 09:02:57.707,0.01,-1.0
1990,38.50229,-112.88625,2024-04-06 09:05:00.865,-0.98,-1.0
1991,38.49864,-112.88616,2024-04-06 09:06:12.633,-0.8,-1.0
1992,38.50405,-112.88295,2024-04-06 09:08:23.370,-0.59,-1.0
1993,38.50015,-112.88703,2024-04-06 09:10:43.885,-0.85,-1.0
1994,38.50037,-112.88637,2024-04-06 09:11:28.855,-0.88,-1.0
1995,38.5,-112.88639,2024-04-06 09:11:40.681,-0.49,-1.0
1996,38.50049,-112.88639,2024-04-06 09:12:27.360,0.41,-1.0
1997,38.50108,-112.88648,2024-04-06 09:12:42.287,-0.89,-1.0
1998,38.50066,-112.88641,2024-04-06 09:13:58.466,0.16,-1.0
1999,38.50077,-112.88641,2024-04-06 09:14:02.288,-0.11,-1.0
2000,38.49939,-112.88715,2024-04-06 09:15:31.263,-0.66,-1.0
2001,38.49979,-112.8857,2024-04-06 09:15:57.506,-0.84,-1.0
2002,38.50065,-112.8865,2024-04-06 09:17:03.722,-1.0,-1.0
2003,38.50276,-112.88622,2024-04-06 09:18:10.305,-0.68,-1.0
2004,38.50157,-112.8863,2024-04-06 09:18:40.732,0.92,-1.0
2005,38.50078,-112.88639,2024-04-06 09:19:29.316,-0.75,-1.0
2006,38.50204,-112.88627,2024-04-06 09:20:35.694,-0.56,-1.0
2007,38.5041,-112.88374,2024-04-06 09:20:37.816,-0.73,-1.0
2008,38.50247,-112.88618,2024-04-06 09:21:16.743,-0.98,-1.0
2009,38.50215,-112.88635,2024-04-06 09:22:31.455,-0.91,-1.0
2010,38.50266,-112.88623,2024-04-06 09:27:04.433,-0.45,-1.0
2011,38.50249,-112.88636,2024-04-06 09:27:12.598,-0.39,-1.0
2012,38.49916,-112.88672,2024-04-06 09:27:21.122,-0.88,-1.0
2013,38.50081,-112.88643,2024-04-06 09:27:49.424,-0.84,-1.0
2014,38.50085,-112.88639,2024-04-06 09:29:38.555,-0.2,-1.0
2015,38.50166,-112.88196,2024-04-06 09:30:29.744,-0.56,-1.0
2016,38.49868,-112.88685,2024-04-06 09:31:47.094,-0.88,-1.0
2017,38.50061,-112.88641,2024-04-06 09:31:51.957,-0.91,-1.0
2018,38.50171,-112.88647,2024-04-06 09:32:42.087,-0.83,-1.0
2019,38.50077,-112.88641,2024-04-06 09:34:39.235,-0.37,-1.0
2020,38.50351,-112.88301,2024-04-06 09:34:46.060,-0.99,-1.0
2021,38.50242,-112.8863,2024-04-06 09:36:18.972,-0.02,-1.0
2022,38.49879,-112.88679,2024-04-06 09:36:25.748,-0.26,-1.0
2023,38.50117,-112.88687,2024-04-06 09:36:43.984,-0.64,-1.0
2024,38.50066,-112.88641,2024-04-06 09:37:52.922,0.03,-1.0
2025,38.50108,-112.88648,2024-04-06 09:38:15.916,-0.94,-1.0
2026,38.50152,-112.88644,2024-04-06 09:38:27.343,-0.29,-1.0
2027,38.50078,-112.88639,2024-04-06 09:40:09.632,-0.76,-1.0
2028,38.50094,-112.88691,2024-04-06 09:41:06.806,-0.6,-1.0
2029,38.50003,-112.88666,2024-04-06 09:41:29.741,-0.38,-1.0
2030,38.5,-112.88639,2024-04-06 09:43:08.804,-0.49,-1.0
2031,38.50271,-112.88652,2024-04-06 09:43:28.735,-0.29,-1.0
2032,38.50166,-112.88215,2024-04-06 09:43:43.529,0.3,-1.0
2033,38.50083,-112.88641,2024-04-06 09:45:32.705,-0.96,-1.0
2034,38.50323,-112.88391,2024-04-06 09:46:50.526,-0.88,-1.0
2035,38.50342,-112.88356,2024-04-06 09:48:56.570,-0.26,-1.0
2036,38.49988,-112.88639,2024-04-06 09:49:46.973,-0.9,-1.0
2037,38.50077,-112.88641,2024-04-06 09:49:51.963,-0.32,-1.0
2038,38.50015,-112.88703,2024-04-06 09:50:04.279,-0.79,-1.0
2039,38.50061,-112.88641,2024-04-06 09:50:51.444,-0.37,-1.0
2040,38.49939,-112.88715,2024-04-06 09:51:13.050,-0.03,-1.0
2041,38.50483,-112.8825,2024-04-06 09:55:20.975,-0.64,-1.0
2042,38.49904,-112.88471,2024-04-06 09:58:34.060,-0.92,-1.0
2043,38.50171,-112.88639,2024-04-06 09:59:26.004,-0.78,-1.0
2044,38.50049,-112.88639,2024-04-06 10:01:41.230,0.21,-1.0
2045,38.50242,-112.8863,2024-04-06 10:02:08.712,0.05,-1.0
2046,38.50078,-112.88639,2024-04-06 10:02:44.384,-0.13,-1.0
2047,38.50288,-112.88621,2024-04-06 10:04:18.895,-0.73,-1.0
2048,38.50117,-112.88643,2024-04-06 10:04:23.516,-0.74,-1.0
2049,38.49999,-112.88639,2024-04-06 10:04:49.101,-0.64,-1.0
2050,38.50085,-112.88639,2024-04-06 10:05:11.510,-0.2,-1.0
2051,38.50062,-112.88705,2024-04-06 10:05:17.831,-0.76,-1.0
2052,38.4999,-112.88639,2024-04-06 10:08:01.941,-0.96,-1.0
2053,38.49944,-112.88682,2024-04-06 10:09:38.983,-0.85,-1.0
2054,38.50083,-112.88641,2024-04-06 10:10:07.831,-0.62,-1.0
2055,38.50351,-112.88351,2024-04-06 10:17:38.578,-0.63,-1.0
2056,38.50316,-112.88633,2024-04-06 10:18:51.448,-0.75,-1.0
2057,38.50381,-112.88368,2024-04-06 10:19:55.418,-0.87,-1.0
2058,38.49879,-112.88679,2024-04-06 10:22:10.311,-0.22,-1.0
2059,38.4986,-112.88685,2024-04-06 10:22:41.894,0.43,-1.0
2060,38.50319,-112.88322,2024-04-06 10:22:57.680,-0.73,-1.0
2061,38.49999,-112.88639,2024-04-06 10:23:55.634,-0.85,-1.0
2062,38.50101,-112.88342,2024-04-06 10:25:03.915,-0.64,-1.0
2063,38.50066,-112.88641,2024-04-06 10:25:51.408,-0.78,-1.0
2064,38.50237,-112.8863,2024-04-06 10:25:59.960,-0.07,-1.0
2065,38.50073,-112.88641,2024-04-06 10:26:19.298,-0.87,-1.0
2066,38.50094,-112.88691,2024-04-06 10:28:45.668,-0.71,-1.0
2067,38.50442,-112.88282,2024-04-06 10:29:13.314,-0.52,-1.0
2068,38.50061,-112.88641,2024-04-06 10:29:18.058,-0.61,-1.0
2069,38.4999,-112.88639,2024-04-06 10:29:21.269,-0.92,-1.0
2070,38.49879,-112.88679,2024-04-06 10:30:52.375,-0.65,-1.0
2071,38.50049,-112.88639,2024-04-06 10:32:52.429,0.12,-1.0
2072,38.50218,-112.88616,2024-04-06 10:35:07.918,-0.86,-1.0
2073,38.50391,-112.88291,2024-04-06 10:35:53.962,-0.97,-1.0
2074,38.50365,-112.88329,2024-04-06 10:36:39.302,-0.53,-1.0
2075,38.50066,-112.88641,2024-04-06 10:38:18.179,-0.17,-1.0
2076,38.49853,-112.88693,2024-04-06 10:38:35.876,-0.78,-1.0
2077,38.5012,-112.88631,2024-04-06 10:39:15.614,0.77,-1.0
2078,38.50235,-112.8863,2024-04-06 10:40:16.808,-0.1,-1.0
2079,38.5032,-112.88634,2024-04-06 10:40:38.438,0.13,-1.0
2080,38.49843,-112.8867,2024-04-06 10:41:24.042,-0.86,-1.0
2081,38.50239,-112.88636,2024-04-06 10:43:06.940,-0.31,-1.0
2082,38.49999,-112.88639,2024-04-06 10:43:19.756,-0.59,-1.0
2083,38.50085,-112.88639,2024-04-06 10:44:09.043,-0.2,-1.0
2084,38.49939,-112.88715,2024-04-06 10:46:54.848,-0.39,-1.0
2085,38.49986,-112.88639,2024-04-06 10:47:25.033,-0.94,-1.0
2086,38.50252,-112.88638,2024-04-06 10:47:47.609,-0.8,-1.0
2087,38.50218,-112.88632,2024-04-06 10:48:38.563,-0.43,-1.0
2088,38.50017,-112.88639,2024-04-06 10:48:47.183,-0.77,-1.0
2089,38.50066,-112.88641,2024-04-06 10:50:07.190,-0.76,-1.0
2090,38.50231,-112.88641,2024-04-06 10:52:32.970,-0.97,-1.0
2091,38.50398,-112.88278,2024-04-06 10:53:30.981,-0.4,-1.0
2092,38.50508,-112.88242,2024-04-06 10:53:46.976,-0.73,-1.0
2093,38.49879,-112.88679,2024-04-06 10:53:58.156,-0.76,-1.0
2094,38.50049,-112.88639,2024-04-06 10:56:27.620,0.29,-1.0
2095,38.50235,-112.8863,2024-04-06 10:56:45.194,0.04,-1.0
2096,38.50072,-112.88641,2024-04-06 10:57:37.363,-0.74,-1.0
2097,38.49999,-112.88563,2024-04-06 10:59:17.584,-0.97,-1.0
2098,38.50407,-112.88271,2024-04-06 11:00:15.217,-0.41,-1.0
2099,38.50153,-112.88647,2024-04-06 11:00:43.004,0.05,-1.0
2100,38.50061,-112.88641,2024-04-06 11:00:53.073,-0.74,-1.0
2101,38.49853,-112.88558,2024-04-06 11:01:05.463,-0.95,-1.0
2102,38.50094,-112.88691,2024-04-06 11:03:06.305,-0.86,-1.0
2103,38.50364,-112.88341,2024-04-06 11:03:51.946,-0.89,-1.0
2104,38.50256,-112.88641,2024-04-06 11:04:21.802,-0.64,-1.0
2105,38.50066,-112.88641,2024-04-06 11:05:12.250,-0.5,-1.0
2106,38.49941,-112.88682,2024-04-06 11:05:40.525,-0.88,-1.0
2107,38.49923,-112.88715,2024-04-06 11:06:08.953,0.27,-1.0
2108,38.49867,-112.88685,2024-04-06 11:09:10.082,-0.83,-1.0
2109,38.50252,-112.88638,2024-04-06 11:09:32.585,-0.54,-1.0
2110,38.49847,-112.88693,2024-04-06 11:10:21.780,-0.6,-1.0
2111,38.49996,-112.8857,2024-04-06 11:11:04.661,0.26,-1.0
2112,38.49996,-112.88563,2024-04-06 11:11:33.655,0.06,-1.0
2113,38.50348,-112.88302,2024-04-06 11:11:37.018,-0.41,-1.0
2114,38.50354,-112.88294,2024-04-06 11:11:54.411,-0.84,-1.0
2115,38.49849,-112.88693,2024-04-06 11:12:51.880,0.05,-1.0
2116,38.50237,-112.8863,2024-04-06 11:13:02.810,-0.59,-1.0
2117,38.48762,-112.89964,2024-04-06 11:15:08.579,-0.6,-1.0
2118,38.49862,-112.88685,2024-04-06 11:17:57.779,-0.98,-1.0
2119,38.49983,-112.8863,2024-04-06 11:19:07.093,-0.98,-1.0
2120,38.50235,-112.8863,2024-04-06 11:20:09.270,0.0,-1.0
2121,38.50049,-112.88639,2024-04-06 11:21:21.875,0.01,-1.0
2122,38.50171,-112.88639,2024-04-06 11:22:24.440,-0.91,-1.0
2123,38.50078,-112.88639,2024-04-06 11:25:56.554,-0.16,-1.0
2124,38.50146,-112.88628,2024-04-06 11:27:24.289,-0.91,-1.0
2125,38.50157,-112.8863,2024-04-06 11:27:40.251,0.11,-1.0
2126,38.50085,-112.88639,2024-04-06 11:29:29.798,-0.28,-1.0
2127,38.49863,-112.88662,2024-04-06 11:31:04.727,-0.44,-1.0
2128,38.49852,-112.88693,2024-04-06 11:31:18.348,-0.9,-1.0
2129,38.50272,-112.88308,2024-04-06 11:32:57.568,-0.48,-1.0
2130,38.50235,-112.8863,2024-04-06 11:33:29.457,-0.0,-1.0
2131,38.4986,-112.88685,2024-04-06 11:34:17.177,0.46,-1.0
2132,38.50111,-112.88631,2024-04-06 11:34:34.754,0.68,-1.0
2133,38.50094,-112.88691,2024-04-06 11:35:24.822,-0.91,-1.0
2134,38.49847,-112.88693,2024-04-06 11:35:30.178,-0.62,-1.0
2135,38.50117,-112.88643,2024-04-06 11:35:58.427,-0.66,-1.0
2136,38.50082,-112.88504,2024-04-06 11:37:09.898,-0.91,-1.0
2137,38.50325,-112.88621,2024-04-06 11:38:10.118,-1.0,-1.0
2138,38.50049,-112.88639,2024-04-06 11:40:11.217,-0.29,-1.0
2139,38.50252,-112.88638,2024-04-06 11:41:21.302,-0.8,-1.0
2140,38.50009,-112.88572,2024-04-06 11:41:51.200,-0.67,-1.0
2141,38.49933,-112.88715,2024-04-06 11:42:00.465,-0.17,-1.0
2142,38.49879,-112.88679,2024-04-06 11:42:59.812,-0.2,-1.0
2143,38.50202,-112.88605,2024-04-06 11:43:41.808,0.18,-1.0
2144,38.5,-112.88639,2024-04-06 11:44:01.764,-0.79,-1.0
2145,38.49989,-112.88639,2024-04-06 11:44:06.935,-0.97,-1.0
2146,38.50291,-112.88617,2024-04-06 11:44:45.656,0.6,-1.0
2147,38.50015,-112.88703,2024-04-06 11:45:47.493,-0.72,-1.0
2148,38.50246,-112.88653,2024-04-06 11:46:00.520,-0.43,-1.0
2149,38.49935,-112.88624,2024-04-06 11:46:06.059,-0.68,-1.0
2150,38.49891,-112.88717,2024-04-06 11:47:03.270,-0.46,-1.0
2151,38.49847,-112.88693,2024-04-06 11:48:16.999,-0.41,-1.0
2152,38.49849,-112.88693,2024-04-06 11:48:19.970,0.82,-1.0
2153,38.49941,-112.88682,2024-04-06 11:48:46.461,-0.91,-1.0
2154,38.50265,-112.88626,2024-04-06 11:48:53.385,-0.99,-1.0
2155,38.50081,-112.88641,2024-04-06 11:51:19.506,-0.94,-1.0
2156,38.50085,-112.88631,2024-04-06 11:51:43.391,-0.92,-1.0
2157,38.50235,-112.8863,2024-04-06 11:52:15.926,-0.21,-1.0
2158,38.50119,-112.88614,2024-04-06 11:52:28.635,-0.24,-1.0
2159,38.50017,-112.88639,2024-04-06 11:52:45.707,-0.88,-1.0
2160,38.50157,-112.88649,2024-04-06 11:52:57.438,-0.97,-1.0
2161,38.50177,-112.88636,2024-04-06 11:53:56.127,-0.46,-1.0
2162,38.49948,-112.88608,2024-04-06 11:55:37.731,-0.4,-1.0
2163,38.50186,-112.88636,2024-04-06 11:56:04.821,-0.84,-1.0
2164,38.49944,-112.88616,2024-04-06 11:59:04.842,-0.89,-1.0
2165,38.50202,-112.88636,2024-04-06 12:00:11.373,-0.95,-1.0
2166,38.50049,-112.88639,2024-04-06 12:02:40.221,-0.17,-1.0
2167,38.50288,-112.88629,2024-04-06 12:03:04.505,-0.93,-1.0
2168,38.5009,-112.88618,2024-04-06 12:06:30.141,-0.18,-1.0
2169,38.49902,-112.88746,2024-04-06 12:07:14.914,-0.25,-1.0
2170,38.49878,-112.88698,2024-04-06 12:07:21.219,-0.82,-1.0
2171,38.50312,-112.88617,2024-04-06 12:07:30.047,-0.81,-1.0
2172,38.50152,-112.88622,2024-04-06 12:07:42.631,-0.69,-1.0
2173,38.49931,-112.8863,2024-04-06 12:08:03.419,-0.85,-1.0
2174,38.50381,-112.88368,2024-04-06 12:09:08.311,-0.53,-1.0
2175,38.50176,-112.88636,2024-04-06 12:09:13.018,-0.74,-1.0
2176,38.49979,-112.8857,2024-04-06 12:10:13.925,0.07,-1.0
2177,38.50202,-112.88605,2024-04-06 12:10:30.485,0.62,-1.0
2178,38.49867,-112.88662,2024-04-06 12:10:35.867,-0.34,-1.0
2179,38.50218,-112.88632,2024-04-06 12:11:07.594,-0.05,-1.0
2180,38.50085,-112.88618,2024-04-06 12:11:19.977,-0.58,-1.0
2181,38.50111,-112.88631,2024-04-06 12:11:53.539,0.75,-1.0
2182,38.50291,-112.88326,2024-04-06 12:12:32.296,0.08,-1.0
2183,38.49909,-112.88715,2024-04-06 12:12:44.503,-0.97,-1.0
2184,38.50232,-112.8863,2024-04-06 12:13:47.088,-0.49,-1.0
2185,38.49935,-112.88624,2024-04-06 12:15:23.468,-0.55,-1.0
2186,38.50485,-112.88228,2024-04-06 12:18:21.112,-0.25,-1.0
2187,38.50247,-112.88461,2024-04-06 12:18:28.470,-0.54,-1.0
2188,38.50071,-112.88641,2024-04-06 12:19:13.178,-0.91,-1.0
2189,38.50153,-112.88645,2024-04-06 12:19:37.601,-0.11,-1.0
2190,38.4986,-112.88685,2024-04-06 12:19:44.803,0.54,-1.0
2191,38.49843,-112.8867,2024-04-06 12:20:04.925,0.42,-1.0
2192,38.49883,-112.8871,2024-04-06 12:20:41.038,0.33,-1.0
2193,38.50157,-112.8863,2024-04-06 12:21:30.469,0.78,-1.0
2194,38.49905,-112.88698,2024-04-06 12:25:15.153,-0.97,-1.0
2195,38.50473,-112.8827,2024-04-06 12:27:00.233,-0.73,-1.0
2196,38.49945,-112.88616,2024-04-06 12:28:09.066,-0.71,-1.0
2197,38.50049,-112.88639,2024-04-06 12:29:24.170,-0.37,-1.0
2198,38.49964,-112.8857,2024-04-06 12:31:04.764,0.73,-1.0
2199,38.5019,-112.88628,2024-04-06 12:32:00.160,-0.85,-1.0
2200,38.50237,-112.8863,2024-04-06 12:32:49.021,-0.95,-1.0
2201,38.50074,-112.88645,2024-04-06 12:32:53.048,-0.75,-1.0
2202,38.50272,-112.88635,2024-04-06 12:34:04.541,-0.47,-1.0
2203,38.49988,-112.88574,2024-04-06 12:34:54.995,0.45,-1.0
2204,38.50319,-112.88629,2024-04-06 12:37:09.880,-0.98,-1.0
2205,38.49879,-112.88679,2024-04-06 12:39:54.909,-0.14,-1.0
2206,38.50153,-112.88645,2024-04-06 12:41:28.356,-0.65,-1.0
2207,38.50166,-112.88609,2024-04-06 12:42:59.928,-0.88,-1.0
2208,38.50342,-112.88612,2024-04-06 12:44:29.499,0.07,-1.0
2209,38.49925,-112.88726,2024-04-06 12:45:54.730,-0.54,-1.0
2210,38.49939,-112.88715,2024-04-06 12:46:23.034,-0.07,-1.0
2211,38.49864,-112.88619,2024-04-06 12:46:47.900,-0.82,-1.0
2212,38.5029,-112.88469,2024-04-06 12:46:53.210,-0.28,-1.0
2213,38.49776,-112.88689,2024-04-06 12:47:16.126,-0.91,-1.0
2214,38.49945,-112.88616,2024-04-06 12:47:26.702,-0.5,-1.0
2215,38.49935,-112.88624,2024-04-06 12:48:23.172,-0.72,-1.0
2216,38.50243,-112.88638,2024-04-06 12:49:16.457,-0.96,-1.0
2217,38.4986,-112.88685,2024-04-06 12:50:30.231,-0.75,-1.0
2218,38.49885,-112.88717,2024-04-06 12:51:27.621,-0.59,-1.0
2219,38.50321,-112.88352,2024-04-06 12:51:51.873,-0.32,-1.0
2220,38.50267,-112.88639,2024-04-06 12:52:02.785,-0.99,-1.0
2221,38.50117,-112.88647,2024-04-06 12:52:11.754,-0.66,-1.0
2222,38.50515,-112.8826,2024-04-06 12:52:20.674,-1.0,-1.0
2223,38.50049,-112.88639,2024-04-06 12:52:45.656,-0.63,-1.0
2224,38.50312,-112.88617,2024-04-06 12:53:18.828,0.03,-1.0
2225,38.50111,-112.88631,2024-04-06 12:53:28.931,0.68,-1.0
2226,38.49878,-112.88698,2024-04-06 12:54:06.334,-0.94,-1.0
2227,38.51934,-112.87753,2024-04-06 12:54:22.688,-0.85,-1.0
2228,38.49937,-112.88682,2024-04-06 12:55:48.499,-0.66,-1.0
2229,38.49915,-112.88715,2024-04-06 12:55:59.544,0.19,-1.0
2230,38.50237,-112.8863,2024-04-06 12:58:06.310,-0.97,-1.0
2231,38.49879,-112.88679,2024-04-06 12:59:44.422,-0.65,-1.0
2232,38.50272,-112.88638,2024-04-06 13:01:55.482,-0.98,-1.0
2233,38.50089,-112.88618,2024-04-06 13:03:38.542,1.5,-1.0
2234,38.49929,-112.8866,2024-04-06 13:05:20.646,-0.93,-1.0
2235,38.50373,-112.88366,2024-04-06 13:07:48.686,-0.09,-1.0
2236,38.50153,-112.88647,2024-04-06 13:08:13.778,-0.28,-1.0
2237,38.50202,-112.88605,2024-04-06 13:10:19.520,0.15,-1.0
2238,38.50189,-112.88605,2024-04-06 13:10:42.951,-0.7,-1.0
2239,38.50204,-112.88605,2024-04-06 13:11:44.072,-0.96,-1.0
2240,38.49865,-112.88662,2024-04-06 13:12:05.385,-0.42,-1.0
2241,38.49904,-112.88628,2024-04-06 13:13:07.410,-0.91,-1.0
2242,38.49811,-112.88649,2024-04-06 13:15:24.983,-0.19,-1.0
2243,38.50043,-112.88639,2024-04-06 13:16:23.457,-0.84,-1.0
2244,38.49881,-112.88717,2024-04-06 13:16:29.934,-0.9,-1.0
2245,38.50377,-112.88357,2024-04-06 13:16:33.632,-0.89,-1.0
2246,38.50272,-112.88639,2024-04-06 13:18:22.982,-0.87,-1.0
2247,38.49859,-112.88687,2024-04-06 13:18:43.282,-0.84,-1.0
2248,38.49849,-112.88693,2024-04-06 13:19:15.856,0.8,-1.0
2249,38.49827,-112.88697,2024-04-06 13:19:30.231,-0.81,-1.0
2250,38.50085,-112.88618,2024-04-06 13:23:53.837,-0.23,-1.0
2251,38.50267,-112.88639,2024-04-06 13:25:19.972,-0.33,-1.0
2252,38.49935,-112.88624,2024-04-06 13:25:49.261,-0.57,-1.0
2253,38.50335,-112.88299,2024-04-06 13:26:27.894,-0.75,-1.0
2254,38.49913,-112.8873,2024-04-06 13:27:13.220,-0.07,-1.0
2255,38.4986,-112.88685,2024-04-06 13:29:36.568,-0.39,-1.0
2256,38.49978,-112.88618,2024-04-06 13:31:15.062,-0.69,-1.0
2257,38.49891,-112.88717,2024-04-06 13:32:25.328,-0.76,-1.0
2258,38.50124,-112.88693,2024-04-06 13:33:23.047,-0.87,-1.0
2259,38.50284,-112.88243,2024-04-06 13:34:09.605,-0.13,-1.0
2260,38.50118,-112.88631,2024-04-06 13:36:34.443,0.36,-1.0
2261,38.49879,-112.88679,2024-04-06 13:36:43.823,-0.81,-1.0
2262,38.49879,-112.88679,2024-04-06 13:37:22.006,-0.27,-1.0
2263,38.50301,-112.88635,2024-04-06 13:37:55.199,-0.86,-1.0
2264,38.49883,-112.8871,2024-04-06 13:40:37.618,0.99,-1.0
2265,38.49928,-112.88734,2024-04-06 13:41:30.107,-0.62,-1.0
2266,38.50184,-112.88615,2024-04-06 13:41:36.932,0.2,-1.0
2267,38.50348,-112.88612,2024-04-06 13:44:04.646,-0.79,-1.0
2268,38.50042,-112.88639,2024-04-06 13:50:59.585,-0.94,-1.0
2269,38.50206,-112.88607,2024-04-06 13:51:06.663,0.33,-1.0
2270,38.5003,-112.88612,2024-04-06 13:52:03.788,-0.81,-1.0
2271,38.50283,-112.88639,2024-04-06 13:53:20.832,0.22,-1.0
2272,38.49922,-112.8873,2024-04-06 13:53:33.213,-0.82,-1.0
2273,38.50317,-112.88318,2024-04-06 13:57:04.634,-0.02,-1.0
2274,38.50312,-112.88617,2024-04-06 14:00:07.140,-0.5,-1.0
2275,38.49981,-112.8865,2024-04-06 14:01:29.359,-0.44,-1.0
2276,38.49865,-112.88662,2024-04-06 14:01:34.662,-0.68,-1.0
2277,38.5041,-112.88371,2024-04-06 14:01:59.662,-0.61,-1.0
2278,38.49756,-112.88682,2024-04-06 14:03:35.916,-0.39,-1.0
2279,38.49811,-112.88649,2024-04-06 14:05:50.977,-0.73,-1.0
2280,38.49858,-112.88685,2024-04-06 14:09:26.759,-0.29,-1.0
2281,38.49915,-112.88715,2024-04-06 14:09:38.201,-0.06,-1.0
2282,38.49941,-112.88715,2024-04-06 14:11:45.743,-0.74,-1.0
2283,38.49776,-112.88689,2024-04-06 14:14:33.947,-0.91,-1.0
2284,38.49919,-112.88668,2024-04-06 14:16:29.833,-0.86,-1.0
2285,38.49843,-112.8867,2024-04-06 14:20:44.140,-0.48,-1.0
2286,38.49931,-112.88738,2024-04-06 14:26:36.870,-0.94,-1.0
2287,38.5041,-112.88377,2024-04-06 14:34:41.976,-0.9,-1.0
2288,38.49885,-112.88717,2024-04-06 14:36:35.360,-0.42,-1.0
2289,38.49913,-112.8873,2024-04-06 14:40:05.749,-0.66,-1.0
2290,38.49879,-112.88679,2024-04-06 14:41:43.250,-0.49,-1.0
2291,38.49923,-112.88645,2024-04-06 14:42:06.856,-0.59,-1.0
2292,38.50085,-112.88618,2024-04-06 14:47:24.417,-0.45,-1.0
2293,38.50291,-112.88609,2024-04-06 14:48:30.544,-0.39,-1.0
2294,38.50342,-112.88612,2024-04-06 14:50:33.825,1.18,-1.0
2295,38.50515,-112.88261,2024-04-06 14:51:33.340,-0.88,-1.0
2296,38.50312,-112.88617,2024-04-06 14:55:01.684,-0.64,-1.0
2297,38.50029,-112.88612,2024-04-06 14:57:26.808,-0.89,-1.0
2298,38.50521,-112.8823,2024-04-06 14:58:52.299,-0.98,-1.0
2299,38.49775,-112.88693,2024-04-06 14:59:10.859,-0.94,-1.0
2300,38.50328,-112.88307,2024-04-06 15:01:42.988,-0.27,-1.0
2301,38.50507,-112.88248,2024-04-06 15:02:35.676,-0.77,-1.0
2302,38.50074,-112.88618,2024-04-06 15:04:08.017,0.14,-1.0
2303,38.50456,-112.88279,2024-04-06 15:04:24.560,-0.24,-1.0
2304,38.49879,-112.88679,2024-04-06 15:05:59.405,-0.52,-1.0
2305,38.49849,-112.88693,2024-04-06 15:07:24.382,0.21,-1.0
2306,38.49827,-112.88701,2024-04-06 15:07:34.539,-0.25,-1.0
2307,38.49861,-112.88685,2024-04-06 15:11:35.530,-0.2,-1.0
2308,38.49752,-112.8857,2024-04-06 15:18:28.110,-0.14,-1.0
2309,38.50191,-112.88618,2024-04-06 15:18:53.859,-0.7,-1.0
2310,38.49781,-112.887,2024-04-06 15:22:41.176,-0.72,-1.0
2311,38.49753,-112.88685,2024-04-06 15:27:51.959,-0.81,-1.0
2312,38.49883,-112.8871,2024-04-06 15:28:17.700,-0.83,-1.0
2313,38.49918,-112.88715,2024-04-06 15:29:19.064,-0.91,-1.0
2314,38.49811,-112.88642,2024-04-06 15:29:24.326,-0.84,-1.0
2315,38.49843,-112.8867,2024-04-06 15:30:04.989,-0.14,-1.0
2316,38.49939,-112.88715,2024-04-06 15:31:58.041,-0.37,-1.0
2317,38.50314,-112.88638,2024-04-06 15:32:56.127,-0.54,-1.0
2318,38.49877,-112.88615,2024-04-06 15:38:20.387,-0.7,-1.0
2319,38.49826,-112.88719,2024-04-06 15:40:29.600,-0.85,-1.0
2320,38.49878,-112.886,2024-04-06 15:40:39.279,-0.82,-1.0
2321,38.49879,-112.88679,2024-04-06 15:43:46.796,-0.92,-1.0
2322,38.50033,-112.88612,2024-04-06 15:44:14.782,-0.84,-1.0
2323,38.49896,-112.88675,2024-04-06 15:44:31.733,-0.95,-1.0
2324,38.50239,-112.88653,2024-04-06 15:48:40.007,-0.79,-1.0
2325,38.49899,-112.88651,2024-04-06 15:50:52.021,-0.98,-1.0
2326,38.49862,-112.88662,2024-04-06 15:51:26.002,-0.99,-1.0
2327,38.50027,-112.88612,2024-04-06 15:57:55.102,-0.89,-1.0
2328,38.50196,-112.88605,2024-04-06 15:59:50.150,-0.91,-1.0
2329,38.5028,-112.88653,2024-04-06 16:00:08.159,-1.0,-1.0
2330,38.49849,-112.88693,2024-04-06 16:01:31.568,-0.52,-1.0
2331,38.50386,-112.88376,2024-04-06 16:01:57.202,-0.43,-1.0
2332,38.5009,-112.88618,2024-04-06 16:04:03.553,0.79,-1.0
2333,38.49742,-112.88702,2024-04-06 16:04:09.349,-0.52,-1.0
2334,38.49861,-112.88685,2024-04-06 16:05:09.228,-0.32,-1.0
2335,38.49766,-112.88702,2024-04-06 16:06:04.058,-0.79,-1.0
2336,38.49746,-112.88685,2024-04-06 16:08:04.502,-0.49,-1.0
2337,38.49775,-112.88693,2024-04-06 16:09:32.105,-0.6,-1.0
2338,38.50373,-112.88612,2024-04-06 16:14:53.864,-0.61,-1.0
2339,38.49919,-112.88669,2024-04-06 16:17:11.623,-1.0,-1.0
2340,38.5023,-112.88665,2024-04-06 16:17:18.775,0.14,-1.0
2341,38.50085,-112.88618,2024-04-06 16:17:28.641,-0.73,-1.0
2342,38.49756,-112.88682,2024-04-06 16:20:01.389,-0.66,-1.0
2343,38.50046,-112.88612,2024-04-06 16:22:22.276,-0.58,-1.0
2344,38.50236,-112.88677,2024-04-06 16:24:57.047,-0.76,-1.0
2345,38.50166,-112.88196,2024-04-06 16:25:26.642,1.0,-1.0
2346,38.49804,-112.88708,2024-04-06 16:25:52.544,0.05,-1.0
2347,38.49855,-112.88734,2024-04-06 16:26:50.987,-0.95,-1.0
2348,38.49893,-112.88711,2024-04-06 16:28:14.351,-0.94,-1.0
2349,38.49915,-112.88715,2024-04-06 16:31:28.839,-0.27,-1.0
2350,38.49909,-112.88667,2024-04-06 16:36:19.696,-0.79,-1.0
2351,38.49849,-112.88693,2024-04-06 16:40:39.572,0.28,-1.0
2352,38.49879,-112.88679,2024-04-06 16:41:13.453,-0.86,-1.0
2353,38.49885,-112.88717,2024-04-06 16:45:18.259,-0.84,-1.0
2354,38.50515,-112.88261,2024-04-06 16:46:58.489,-0.75,-1.0
2355,38.49811,-112.88649,2024-04-06 16:52:46.522,-0.7,-1.0
2356,38.49822,-112.88719,2024-04-06 16:55:05.391,-0.81,-1.0
2357,38.50008,-112.8859,2024-04-06 16:57:45.444,-0.78,-1.0
2358,38.50251,-112.88313,2024-04-06 16:58:17.366,-0.78,-1.0
2359,38.50118,-112.88631,2024-04-06 16:59:20.222,-0.35,-1.0
2360,38.49867,-112.88636,2024-04-06 17:00:19.681,-0.94,-1.0
2361,38.49862,-112.88662,2024-04-06 17:03:19.988,-0.61,-1.0
2362,38.50528,-112.8823,2024-04-06 17:04:45.394,-0.76,-1.0
2363,38.49885,-112.88717,2024-04-06 17:09:37.052,-0.55,-1.0
2364,38.49756,-112.88682,2024-04-06 17:10:03.495,-0.9,-1.0
2365,38.49775,-112.88693,2024-04-06 17:10:24.375,-0.84,-1.0
2366,38.49589,-112.88172,2024-04-06 17:10:57.826,-0.86,-1.0
2367,38.49861,-112.88685,2024-04-06 17:11:49.194,-0.88,-1.0
2368,38.49982,-112.88621,2024-04-06 17:18:07.563,-0.95,-1.0
2369,38.49827,-112.88701,2024-04-06 17:20:36.149,-0.65,-1.0
2370,38.49811,-112.88708,2024-04-06 17:21:10.758,-0.39,-1.0
2371,38.50031,-112.88612,2024-04-06 17:21:17.419,-0.95,-1.0
2372,38.49799,-112.88708,2024-04-06 17:21:38.335,0.17,-1.0
2373,38.4993,-112.88625,2024-04-06 17:23:23.041,-0.98,-1.0
2374,38.50105,-112.88669,2024-04-06 17:26:10.677,-0.5,-1.0
2375,38.50257,-112.88696,2024-04-06 17:29:22.588,-0.42,-1.0
2376,38.4993,-112.88665,2024-04-06 17:33:41.077,-0.88,-1.0
2377,38.49812,-112.88708,2024-04-06 17:34:34.713,-0.59,-1.0
2378,38.49843,-112.8867,2024-04-06 17:37:14.443,-0.45,-1.0
2379,38.49746,-112.88685,2024-04-06 17:37:42.516,-0.72,-1.0
2380,38.50253,-112.88653,2024-04-06 17:39:42.597,-0.48,-1.0
2381,38.4986,-112.88685,2024-04-06 17:42:55.546,-0.54,-1.0
2382,38.5023,-112.88673,2024-04-06 17:43:18.379,0.12,-1.0
2383,38.50286,-112.88338,2024-04-06 17:43:23.206,-0.79,-1.0
2384,38.49885,-112.88717,2024-04-06 17:43:49.684,-0.12,-1.0
2385,38.49902,-112.88695,2024-04-06 17:49:50.589,-0.64,-1.0
2386,38.50085,-112.88618,2024-04-06 17:51:48.269,-0.8,-1.0
2387,38.49804,-112.88715,2024-04-06 17:56:29.859,-0.19,-1.0
2388,38.49923,-112.88645,2024-04-06 17:56:40.776,-0.69,-1.0
2389,38.49901,-112.88625,2024-04-06 18:01:18.298,-0.95,-1.0
2390,38.49746,-112.88708,2024-04-06 18:07:21.532,-0.47,-1.0
2391,38.49811,-112.88708,2024-04-06 18:11:40.923,-0.3,-1.0
2392,38.49922,-112.88636,2024-04-06 18:12:12.148,-0.81,-1.0
2393,38.49847,-112.88693,2024-04-06 18:14:13.460,0.57,-1.0
2394,38.49874,-112.88665,2024-04-06 18:17:19.039,-0.83,-1.0
2395,38.49741,-112.8871,2024-04-06 18:19:05.490,-0.42,-1.0
2396,38.49878,-112.88681,2024-04-06 18:19:18.573,-0.74,-1.0
2397,38.50046,-112.88612,2024-04-06 18:23:26.303,-0.43,-1.0
2398,38.50465,-112.88275,2024-04-06 18:23:29.859,-0.21,-1.0
2399,38.49746,-112.88685,2024-04-06 18:24:36.653,-0.97,-1.0
2400,38.50008,-112.8859,2024-04-06 18:25:11.390,-0.77,-1.0
2401,38.49756,-112.88682,2024-04-06 18:29:57.774,-0.62,-1.0
2402,38.49811,-112.88649,2024-04-06 18:32:09.160,-0.07,-1.0
2403,38.4992,-112.88691,2024-04-06 18:33:05.661,-0.51,-1.0
2404,38.50197,-112.8863,2024-04-06 18:33:16.845,0.14,-1.0
2405,38.50341,-112.88304,2024-04-06 18:35:43.757,-0.76,-1.0
2406,38.50318,-112.88323,2024-04-06 18:43:03.345,0.3,-1.0
2407,38.50275,-112.88344,2024-04-06 18:43:28.455,-0.72,-1.0
2408,38.49883,-112.8871,2024-04-06 18:44:56.785,-0.9,-1.0
2409,38.49731,-112.8871,2024-04-06 18:45:31.093,0.01,-1.0
2410,38.49795,-112.8872,2024-04-06 18:53:38.213,-0.83,-1.0
2411,38.49843,-112.8867,2024-04-06 18:54:03.093,-0.79,-1.0
2412,38.50029,-112.88612,2024-04-06 18:59:35.680,-0.76,-1.0
2413,38.49947,-112.88715,2024-04-06 19:01:57.375,-0.81,-1.0
2414,38.5047,-112.88271,2024-04-06 19:03:54.058,0.2,-1.0
2415,38.49768,-112.88721,2024-04-06 19:04:04.495,0.4,-1.0
2416,38.49738,-112.8873,2024-04-06 19:05:18.368,-0.88,-1.0
2417,38.49746,-112.88685,2024-04-06 19:07:09.146,-0.64,-1.0
2418,38.49919,-112.88668,2024-04-06 19:11:47.560,-0.9,-1.0
2419,38.49746,-112.88708,2024-04-06 19:23:03.898,-0.19,-1.0
2420,38.49766,-112.88702,2024-04-06 19:23:07.812,-0.91,-1.0
2421,38.49741,-112.8871,2024-04-06 19:28:15.568,-0.3,-1.0
2422,38.49933,-112.88694,2024-04-06 19:31:06.550,-0.83,-1.0
2423,38.49741,-112.88733,2024-04-06 19:33:21.645,-0.18,-1.0
2424,38.49862,-112.88662,2024-04-06 19:36:18.501,-0.59,-1.0
2425,38.49795,-112.8872,2024-04-06 19:37:53.564,-0.7,-1.0
2426,38.50065,-112.88608,2024-04-06 19:39:56.802,-0.98,-1.0
2427,38.50253,-112.88645,2024-04-06 19:41:35.254,-0.61,-1.0
2428,38.49715,-112.88687,2024-04-06 19:47:34.278,0.77,-1.0
2429,38.49925,-112.88712,2024-04-06 19:49:07.600,-0.79,-1.0
2430,38.49808,-112.88711,2024-04-06 19:53:38.090,-1.0,-1.0
2431,38.49918,-112.88715,2024-04-06 19:53:50.803,-0.41,-1.0
2432,38.49847,-112.88691,2024-04-06 19:55:27.735,-0.97,-1.0
2433,38.49851,-112.88693,2024-04-06 19:58:06.982,-0.31,-1.0
2434,38.49853,-112.88693,2024-04-06 19:58:58.207,-0.29,-1.0
2435,38.50182,-112.88617,2024-04-06 20:03:26.572,-0.53,-1.0
2436,38.49746,-112.88735,2024-04-06 20:05:06.422,-1.0,-1.0
2437,38.4971,-112.88701,2024-04-06 20:05:43.529,-0.91,-1.0
2438,38.49879,-112.88679,2024-04-06 20:10:16.734,-0.41,-1.0
2439,38.5028,-112.88316,2024-04-06 20:16:34.512,-0.29,-1.0
2440,38.49741,-112.88733,2024-04-06 20:18:15.036,-0.33,-1.0
2441,38.50084,-112.88618,2024-04-06 20:20:09.215,-0.84,-1.0
2442,38.5009,-112.88618,2024-04-06 20:23:24.714,-0.79,-1.0
2443,38.49849,-112.88693,2024-04-06 20:29:20.996,-0.52,-1.0
2444,38.50092,-112.88505,2024-04-06 20:29:30.275,-0.69,-1.0
2445,38.49746,-112.88708,2024-04-06 20:29:58.929,-0.56,-1.0
2446,38.50293,-112.88669,2024-04-06 20:33:28.781,-0.25,-1.0
2447,38.49756,-112.88682,2024-04-06 20:33:37.125,-0.49,-1.0
2448,38.49774,-112.88721,2024-04-06 20:34:28.982,-0.54,-1.0
2449,38.50202,-112.88605,2024-04-06 20:36:01.036,-0.23,-1.0
2450,38.4986,-112.88685,2024-04-06 20:38:49.941,-0.5,-1.0
2451,38.50046,-112.88612,2024-04-06 20:38:57.422,-0.68,-1.0
2452,38.49741,-112.8871,2024-04-06 20:43:11.142,0.2,-1.0
2453,38.50441,-112.88275,2024-04-06 20:52:54.980,-0.77,-1.0
2454,38.49741,-112.88733,2024-04-06 20:56:18.719,-0.12,-1.0
2455,38.49711,-112.88701,2024-04-06 20:57:33.891,-0.31,-1.0
2456,38.49766,-112.88702,2024-04-06 20:58:49.389,-0.96,-1.0
2457,38.50283,-112.88669,2024-04-06 21:03:11.150,-0.41,-1.0
2458,38.50357,-112.88299,2024-04-06 21:05:48.847,-0.53,-1.0
2459,38.4982,-112.88639,2024-04-06 21:11:02.944,-0.91,-1.0
2460,38.49711,-112.88701,2024-04-06 21:16:29.483,0.05,-1.0
2461,38.49708,-112.88701,2024-04-06 21:17:36.412,0.09,-1.0
2462,38.49747,-112.88717,2024-04-06 21:31:05.208,1.07,-1.0
2463,38.49731,-112.8871,2024-04-06 21:43:03.865,-0.53,-1.0
2464,38.49714,-112.88687,2024-04-06 21:46:57.401,-0.8,-1.0
2465,38.49741,-112.8871,2024-04-06 21:47:03.532,0.15,-1.0
2466,38.50027,-112.88612,2024-04-06 21:48:54.128,-0.48,-1.0
2467,38.49699,-112.88681,2024-04-06 21:53:49.894,-0.56,-1.0
2468,38.49741,-112.88733,2024-04-06 21:55:24.885,-0.04,-1.0
2469,38.4986,-112.88685,2024-04-06 21:59:03.309,-0.73,-1.0
2470,38.49746,-112.88708,2024-04-06 21:59:55.070,-0.37,-1.0
2471,38.49685,-112.88672,2024-04-06 22:06:56.536,-0.99,-1.0
2472,38.49902,-112.88695,2024-04-06 22:09:16.980,-0.66,-1.0
2473,38.49724,-112.88705,2024-04-06 22:18:53.734,-0.24,-1.0
2474,38.49726,-112.88705,2024-04-06 22:18:56.731,-0.34,-1.0
2475,38.49741,-112.88733,2024-04-06 22:31:27.476,-0.38,-1.0
2476,38.49842,-112.88693,2024-04-06 22:33:34.026,-0.99,-1.0
2477,38.49718,-112.8871,2024-04-06 22:35:52.724,-0.92,-1.0
2478,38.4969,-112.88688,2024-04-06 22:36:18.792,0.02,-1.0
2479,38.49859,-112.88635,2024-04-06 22:37:06.580,-0.9,-1.0
2480,38.49711,-112.88701,2024-04-06 22:38:11.002,-0.83,-1.0
2481,38.49673,-112.88668,2024-04-06 22:38:21.650,-0.93,-1.0
2482,38.49854,-112.88693,2024-04-06 22:39:22.984,-0.51,-1.0
2483,38.4968,-112.88686,2024-04-06 22:40:02.530,-0.53,-1.0
2484,38.49733,-112.88716,2024-04-06 22:40:14.368,-0.79,-1.0
2485,38.49697,-112.88698,2024-04-06 22:40:39.132,-0.84,-1.0
2486,38.49725,-112.88705,2024-04-06 22:43:16.684,-0.46,-1.0
2487,38.4971,-112.88701,2024-04-06 22:45:14.894,-0.82,-1.0
2488,38.49726,-112.88725,2024-04-06 22:45:24.919,-0.52,-1.0
2489,38.49879,-112.88679,2024-04-06 22:47:48.409,-0.66,-1.0
2490,38.49717,-112.88687,2024-04-06 22:50:23.146,-0.63,-1.0
2491,38.49711,-112.88701,2024-04-06 22:51:32.843,-0.25,-1.0
2492,38.4971,-112.88687,2024-04-06 22:51:38.779,-0.64,-1.0
2493,38.5009,-112.88618,2024-04-06 22:52:24.741,0.33,-1.0
2494,38.49905,-112.88698,2024-04-06 22:53:42.483,-0.93,-1.0
2495,38.49749,-112.88728,2024-04-06 22:56:07.790,-0.92,-1.0
2496,38.49736,-112.8871,2024-04-06 22:58:17.378,-0.79,-1.0
2497,38.49932,-112.88661,2024-04-06 23:01:40.086,-0.9,-1.0
2498,38.49736,-112.8871,2024-04-06 23:07:09.823,-0.96,-1.0
2499,38.49736,-112.8871,2024-04-06 23:07:47.077,-1.0,-1.0
2500,38.49919,-112.88652,2024-04-06 23:07:50.595,-0.66,-1.0
2501,38.49735,-112.88731,2024-04-06 23:08:46.180,-0.42,-1.0
2502,38.49726,-112.88711,2024-04-06 23:10:44.906,0.43,-1.0
2503,38.49699,-112.88694,2024-04-06 23:11:53.920,-0.01,-1.0
2504,38.49662,-112.88668,2024-04-06 23:12:05.002,-0.83,-1.0
2505,38.49709,-112.88687,2024-04-06 23:12:28.005,0.6,-1.0
2506,38.49815,-112.88638,2024-04-06 23:13:53.321,-0.75,-1.0
2507,38.49702,-112.88715,2024-04-06 23:14:33.182,0.12,-1.0
2508,38.49843,-112.88693,2024-04-06 23:16:11.629,-0.66,-1.0
2509,38.49746,-112.88708,2024-04-06 23:17:36.841,-0.83,-1.0
2510,38.49848,-112.88662,2024-04-06 23:21:53.736,-0.76,-1.0
2511,38.49708,-112.88701,2024-04-06 23:22:31.949,-0.03,-1.0
2512,38.49734,-112.88705,2024-04-06 23:24:02.094,-0.13,-1.0
2513,38.49929,-112.8863,2024-04-06 23:26:27.523,-0.98,-1.0
2514,38.49741,-112.88733,2024-04-06 23:33:11.639,-0.04,-1.0
2515,38.49724,-112.8873,2024-04-06 23:33:48.057,-0.4,-1.0
2516,38.49731,-112.8871,2024-04-06 23:35:47.155,-0.36,-1.0
2517,38.49741,-112.8871,2024-04-06 23:37:01.331,0.25,-1.0
2518,38.49694,-112.89187,2024-04-06 23:38:03.405,-0.61,-1.0
2519,38.49711,-112.88701,2024-04-06 23:38:18.940,-0.09,-1.0
2520,38.49756,-112.88682,2024-04-06 23:40:46.257,-0.35,-1.0
2521,38.49651,-112.88682,2024-04-06 23:41:17.414,-0.54,-1.0
2522,38.50288,-112.88242,2024-04-06 23:52:41.447,-0.74,-1.0
2523,38.4968,-112.88686,2024-04-06 23:56:29.995,0.21,-1.0
2524,38.49712,-112.88693,2024-04-06 23:58:47.478,-1.0,-1.0
2525,38.50337,-112.88387,2024-04-07 00:01:12.564,-0.77,-1.0
2526,38.49731,-112.88728,2024-04-07 00:06:51.914,-0.91,-1.0
2527,38.49847,-112.88693,2024-04-07 00:08:43.965,-0.01,-1.0
2528,38.49673,-112.88699,2024-04-07 00:10:18.289,-0.9,-1.0
2529,38.49741,-112.88715,2024-04-07 00:16:08.071,-0.37,-1.0
2530,38.49725,-112.88713,2024-04-07 00:18:03.390,2.03,-1.0
2531,38.49662,-112.88694,2024-04-07 00:22:16.716,-0.74,-1.0
2532,38.49879,-112.88679,2024-04-07 00:29:54.932,-0.99,-1.0
2533,38.49862,-112.88662,2024-04-07 00:39:43.324,-0.73,-1.0
2534,38.50036,-112.88612,2024-04-07 00:57:11.083,-0.98,-1.0
2535,38.49825,-112.88689,2024-04-07 01:04:38.435,1.14,-1.0
2536,38.49921,-112.88715,2024-04-07 01:10:44.534,-0.34,-1.0
2537,38.49744,-112.88733,2024-04-07 01:25:44.906,-0.74,-1.0
2538,38.49693,-112.88672,2024-04-07 01:27:25.336,-0.92,-1.0
2539,38.50066,-112.88606,2024-04-07 01:35:33.950,-0.78,-1.0
2540,38.49708,-112.88701,2024-04-07 01:38:15.149,-0.9,-1.0
2541,38.49847,-112.88658,2024-04-07 01:38:42.995,-0.19,-1.0
2542,38.50483,-112.8825,2024-04-07 01:39:21.136,-0.98,-1.0
2543,38.50332,-112.88303,2024-04-07 01:46:06.838,-0.88,-1.0
2544,38.50046,-112.88612,2024-04-07 01:46:21.107,-0.92,-1.0
2545,38.50178,-112.88617,2024-04-07 01:50:11.686,-0.79,-1.0
2546,38.49741,-112.88733,2024-04-07 01:50:32.824,-0.44,-1.0
2547,38.4989,-112.88658,2024-04-07 01:54:07.304,0.14,-1.0
2548,38.49922,-112.88636,2024-04-07 01:56:50.244,-0.73,-1.0
2549,38.49849,-112.88693,2024-04-07 02:00:28.897,-0.8,-1.0
2550,38.49849,-112.88693,2024-04-07 02:00:33.210,-0.48,-1.0
2551,38.50347,-112.88638,2024-04-07 02:09:17.550,-0.97,-1.0
2552,38.49656,-112.88694,2024-04-07 02:10:52.314,-0.08,-1.0
2553,38.49662,-112.88668,2024-04-07 02:13:02.557,-0.82,-1.0
2554,38.49715,-112.88722,2024-04-07 02:13:16.685,-0.82,-1.0
2555,38.49854,-112.8864,2024-04-07 02:15:19.002,-0.74,-1.0
2556,38.49726,-112.88725,2024-04-07 02:16:26.875,-0.37,-1.0
2557,38.50252,-112.88354,2024-04-07 02:26:13.277,-0.84,-1.0
2558,38.49901,-112.88694,2024-04-07 02:36:49.786,-0.69,-1.0
2559,38.50343,-112.88393,2024-04-07 02:49:20.587,-0.76,-1.0
2560,38.49895,-112.88698,2024-04-07 02:58:12.648,-0.81,-1.0
2561,38.49723,-112.88728,2024-04-07 02:59:14.434,-0.91,-1.0
2562,38.49735,-112.88728,2024-04-07 03:00:13.710,-0.88,-1.0
2563,38.49718,-112.8871,2024-04-07 03:01:55.984,-0.44,-1.0
2564,38.4968,-112.88686,2024-04-07 03:10:06.586,0.13,-1.0
2565,38.49651,-112.88682,2024-04-07 03:10:51.133,-0.8,-1.0
2566,38.49741,-112.88733,2024-04-07 03:15:45.868,-0.25,-1.0
2567,38.49744,-112.88728,2024-04-07 03:15:51.947,-0.7,-1.0
2568,38.49651,-112.88675,2024-04-07 03:19:43.359,-0.42,-1.0
2569,38.49738,-112.887,2024-04-07 03:20:00.037,-0.41,-1.0
2570,38.49726,-112.88725,2024-04-07 03:24:41.687,-0.52,-1.0
2571,38.50279,-112.88222,2024-04-07 03:35:32.969,-0.89,-1.0
2572,38.4971,-112.88714,2024-04-07 03:36:21.022,-0.64,-1.0
2573,38.49709,-112.88687,2024-04-07 03:37:30.598,-0.3,-1.0
2574,38.50077,-112.88699,2024-04-07 03:41:38.228,-0.98,-1.0
2575,38.49636,-112.88681,2024-04-07 03:45:35.223,-0.97,-1.0
2576,38.49717,-112.88722,2024-04-07 03:46:19.283,0.44,-1.0
2577,38.49694,-112.88703,2024-04-07 03:46:21.914,-0.01,-1.0
2578,38.49666,-112.88699,2024-04-07 03:47:06.914,-0.7,-1.0
2579,38.49849,-112.88693,2024-04-07 03:47:09.394,-0.77,-1.0
2580,38.49632,-112.88694,2024-04-07 03:47:51.898,-0.92,-1.0
2581,38.50025,-112.88612,2024-04-07 03:49:49.273,-0.98,-1.0
2582,38.50094,-112.88683,2024-04-07 03:52:08.015,-0.57,-1.0
2583,38.49862,-112.88685,2024-04-07 03:58:13.429,-0.77,-1.0
2584,38.50067,-112.88616,2024-04-07 03:59:56.023,-0.94,-1.0
2585,38.4963,-112.88684,2024-04-07 04:04:35.734,-0.2,-1.0
2586,38.49646,-112.88682,2024-04-07 04:05:02.660,-0.76,-1.0
2587,38.49918,-112.88694,2024-04-07 04:06:33.975,-0.82,-1.0
2588,38.49642,-112.88681,2024-04-07 04:06:39.696,-0.43,-1.0
2589,38.49756,-112.88682,2024-04-07 04:07:06.817,-0.89,-1.0
2590,38.49949,-112.88715,2024-04-07 04:08:08.952,-0.35,-1.0
2591,38.50073,-112.88704,2024-04-07 04:10:41.213,-0.97,-1.0
2592,38.49644,-112.88694,2024-04-07 04:11:34.218,-0.68,-1.0
2593,38.49669,-112.88694,2024-04-07 04:12:05.739,-0.51,-1.0
2594,38.49726,-112.88725,2024-04-07 04:16:16.066,-0.54,-1.0
2595,38.49879,-112.88679,2024-04-07 04:19:06.706,-0.91,-1.0
2596,38.49856,-112.88636,2024-04-07 04:19:51.816,-0.91,-1.0
2597,38.50094,-112.88683,2024-04-07 04:20:10.068,-0.92,-1.0
2598,38.49921,-112.88645,2024-04-07 04:24:52.838,-0.85,-1.0
2599,38.50319,-112.88349,2024-04-07 04:25:15.321,-1.0,-1.0
2600,38.49708,-112.88707,2024-04-07 04:26:12.145,-0.51,-1.0
2601,38.49919,-112.88707,2024-04-07 04:30:09.329,-0.64,-1.0
2602,38.50153,-112.8864,2024-04-07 04:30:27.479,0.14,-1.0
2603,38.49847,-112.88693,2024-04-07 04:30:33.865,-0.06,-1.0
2604,38.49971,-112.88574,2024-04-07 04:35:31.790,-0.11,-1.0
2605,38.50073,-112.88704,2024-04-07 04:36:26.276,-0.98,-1.0
2606,38.50074,-112.88618,2024-04-07 04:38:39.813,-0.35,-1.0
2607,38.49735,-112.88734,2024-04-07 04:39:53.958,-0.91,-1.0
2608,38.49741,-112.88733,2024-04-07 04:40:12.768,-0.37,-1.0
2609,38.49731,-112.8871,2024-04-07 04:41:12.223,-0.65,-1.0
2610,38.49879,-112.88679,2024-04-07 04:43:46.092,-0.92,-1.0
2611,38.49746,-112.88708,2024-04-07 04:45:17.957,-0.93,-1.0
2612,38.49649,-112.88682,2024-04-07 04:46:22.224,-0.89,-1.0
2613,38.49726,-112.88725,2024-04-07 04:49:56.109,-0.71,-1.0
2614,38.50035,-112.88612,2024-04-07 04:50:07.630,-0.86,-1.0
2615,38.5021,-112.88638,2024-04-07 04:53:55.149,-0.97,-1.0
2616,38.50337,-112.88393,2024-04-07 04:54:17.802,-0.93,-1.0
2617,38.49935,-112.88666,2024-04-07 04:55:04.227,-0.91,-1.0
2618,38.49862,-112.88662,2024-04-07 04:56:11.650,-0.73,-1.0
2619,38.50088,-112.88618,2024-04-07 05:01:30.321,-0.78,-1.0
2620,38.49709,-112.88687,2024-04-07 05:02:48.768,-0.11,-1.0
2621,38.49847,-112.88658,2024-04-07 05:03:37.049,-0.41,-1.0
2622,38.50244,-112.88664,2024-04-07 05:04:33.248,-0.65,-1.0
2623,38.50254,-112.88693,2024-04-07 05:05:57.095,-0.98,-1.0
2624,38.4987,-112.88622,2024-04-07 05:10:05.468,-0.78,-1.0
2625,38.50202,-112.88605,2024-04-07 05:15:19.287,-0.34,-1.0
2626,38.49632,-112.88686,2024-04-07 05:15:52.673,-0.97,-1.0
2627,38.50115,-112.88631,2024-04-07 05:18:11.636,-0.85,-1.0
2628,38.50046,-112.88612,2024-04-07 05:18:23.575,-0.64,-1.0
2629,38.49705,-112.88717,2024-04-07 05:19:50.275,-0.7,-1.0
2630,38.49624,-112.88681,2024-04-07 05:19:59.074,-0.85,-1.0
2631,38.5009,-112.88618,2024-04-07 05:21:46.947,-0.77,-1.0
2632,38.5033,-112.88315,2024-04-07 05:28:43.566,-0.23,-1.0
2633,38.49693,-112.88706,2024-04-07 05:32:10.753,-0.92,-1.0
2634,38.5052,-112.88234,2024-04-07 05:33:01.052,-0.64,-1.0
2635,38.49644,-112.88675,2024-04-07 05:33:18.827,-0.68,-1.0
2636,38.49658,-112.88694,2024-04-07 05:39:07.063,-0.38,-1.0
2637,38.49696,-112.88705,2024-04-07 05:48:55.749,-0.92,-1.0
2638,38.49726,-112.88725,2024-04-07 05:49:11.858,-0.73,-1.0
2639,38.5009,-112.88618,2024-04-07 05:50:23.237,-0.08,-1.0
2640,38.4969,-112.88688,2024-04-07 05:55:45.267,-0.52,-1.0
2641,38.49822,-112.88649,2024-04-07 05:57:29.511,-0.96,-1.0
2642,38.50517,-112.8823,2024-04-07 05:59:07.454,-0.05,-1.0
2643,38.4964,-112.88675,2024-04-07 06:00:02.977,-0.68,-1.0
2644,38.4968,-112.88686,2024-04-07 06:01:28.145,0.08,-1.0
2645,38.4967,-112.88699,2024-04-07 06:06:48.700,-0.92,-1.0
2646,38.49883,-112.88662,2024-04-07 06:09:58.122,-0.86,-1.0
2647,38.50365,-112.8835,2024-04-07 06:12:02.372,-0.59,-1.0
2648,38.49849,-112.88693,2024-04-07 06:12:12.143,-0.98,-1.0
2649,38.4973,-112.8871,2024-04-07 06:13:57.019,-0.97,-1.0
2650,38.49854,-112.8864,2024-04-07 06:18:39.606,-0.31,-1.0
2651,38.49825,-112.88689,2024-04-07 06:21:40.200,0.77,-1.0
2652,38.49867,-112.88685,2024-04-07 06:25:13.931,-0.92,-1.0
2653,38.49702,-112.88715,2024-04-07 06:26:54.068,0.68,-1.0
2654,38.49644,-112.88694,2024-04-07 06:35:02.506,0.01,-1.0
2655,38.49669,-112.88694,2024-04-07 06:35:45.280,-0.69,-1.0
2656,38.50528,-112.8823,2024-04-07 06:43:00.227,-0.65,-1.0
2657,38.49811,-112.88649,2024-04-07 06:45:10.130,-0.72,-1.0
2658,38.49646,-112.88682,2024-04-07 06:48:56.244,-0.96,-1.0
2659,38.49616,-112.8868,2024-04-07 06:54:53.725,-0.42,-1.0
2660,38.49706,-112.88687,2024-04-07 06:56:39.310,-0.83,-1.0
2661,38.49902,-112.88695,2024-04-07 06:59:13.125,-0.76,-1.0
2662,38.49738,-112.8871,2024-04-07 07:03:28.000,-0.92,-1.0
2663,38.49954,-112.88654,2024-04-07 07:04:34.605,-0.64,-1.0
2664,38.50347,-112.88302,2024-04-07 07:04:42.735,-0.93,-1.0
2665,38.49763,-112.88677,2024-04-07 07:04:53.986,-0.99,-1.0
2666,38.49709,-112.88714,2024-04-07 07:08:30.654,-0.97,-1.0
2667,38.49735,-112.8873,2024-04-07 07:13:41.190,-0.35,-1.0
2668,38.49721,-112.88712,2024-04-07 07:21:19.526,1.78,-1.0
2669,38.49661,-112.88676,2024-04-07 07:21:31.524,0.23,-1.0
2670,38.49849,-112.88693,2024-04-07 07:21:38.338,0.03,-1.0
2671,38.49611,-112.8868,2024-04-07 07:31:43.446,0.39,-1.0
2672,38.50004,-112.88564,2024-04-07 07:33:01.449,-0.65,-1.0
2673,38.49656,-112.88694,2024-04-07 07:42:21.459,-0.56,-1.0
2674,38.50222,-112.88681,2024-04-07 07:42:44.933,-0.62,-1.0
2675,38.49643,-112.88675,2024-04-07 07:51:31.047,-0.35,-1.0
2676,38.5011,-112.8849,2024-04-07 07:55:56.562,-0.82,-1.0
2677,38.49651,-112.88682,2024-04-07 08:02:33.326,-0.59,-1.0
2678,38.50042,-112.88571,2024-04-07 08:09:03.898,-0.28,-1.0
2679,38.50473,-112.8827,2024-04-07 08:12:14.406,-0.65,-1.0
2680,38.4969,-112.88688,2024-04-07 08:12:31.426,-0.76,-1.0
2681,38.4964,-112.88699,2024-04-07 08:17:46.541,-0.96,-1.0
2682,38.50483,-112.8825,2024-04-07 08:20:50.755,-0.62,-1.0
2683,38.4967,-112.88687,2024-04-07 08:37:45.599,-0.97,-1.0
2684,38.49849,-112.88693,2024-04-07 08:51:23.887,-0.88,-1.0
2685,38.49738,-112.887,2024-04-07 08:52:21.081,-0.78,-1.0
2686,38.49614,-112.8868,2024-04-07 08:54:10.537,-0.77,-1.0
2687,38.4963,-112.88684,2024-04-07 08:55:27.549,-0.58,-1.0
2688,38.49854,-112.8864,2024-04-07 08:58:03.556,-0.17,-1.0
2689,38.49617,-112.88689,2024-04-07 09:00:46.745,-0.95,-1.0
2690,38.4968,-112.88702,2024-04-07 09:01:01.309,-0.89,-1.0
2691,38.49621,-112.88686,2024-04-07 09:18:14.704,-0.73,-1.0
2692,38.49619,-112.88691,2024-04-07 09:18:27.623,0.16,-1.0
2693,38.49597,-112.88664,2024-04-07 09:20:18.351,-0.9,-1.0
2694,38.49914,-112.88678,2024-04-07 09:22:00.076,-0.78,-1.0
2695,38.49685,-112.88706,2024-04-07 09:23:19.822,-0.29,-1.0
2696,38.49643,-112.88675,2024-04-07 09:34:33.881,-0.58,-1.0
2697,38.49653,-112.88698,2024-04-07 09:38:24.054,-0.86,-1.0
2698,38.49616,-112.8868,2024-04-07 09:43:23.524,-0.44,-1.0
2699,38.49646,-112.88682,2024-04-07 09:45:29.919,-0.66,-1.0
2700,38.49705,-112.88714,2024-04-07 09:52:59.105,-0.26,-1.0
2701,38.49636,-112.88694,2024-04-07 09:59:28.230,-0.9,-1.0
2702,38.49922,-112.88636,2024-04-07 10:09:06.043,-0.76,-1.0
2703,38.49656,-112.88694,2024-04-07 10:12:20.983,-0.66,-1.0
2704,38.49651,-112.88682,2024-04-07 10:19:33.962,-0.88,-1.0
2705,38.4968,-112.88686,2024-04-07 10:23:42.176,-0.37,-1.0
2706,38.50018,-112.88557,2024-04-07 10:31:06.717,-0.41,-1.0
2707,38.49649,-112.88698,2024-04-07 10:47:25.094,-0.89,-1.0
2708,38.49821,-112.88692,2024-04-07 10:49:41.816,-0.43,-1.0
2709,38.49604,-112.8868,2024-04-07 11:06:17.485,-0.78,-1.0
2710,38.49624,-112.88681,2024-04-07 11:06:46.804,-0.81,-1.0
2711,38.49608,-112.88681,2024-04-07 11:06:53.384,-0.94,-1.0
2712,38.49781,-112.8869,2024-04-07 11:10:17.557,-0.97,-1.0
2713,38.50507,-112.88248,2024-04-07 11:13:33.095,-0.51,-1.0
2714,38.49787,-112.88599,2024-04-07 11:21:59.202,-0.99,-1.0
2715,38.49822,-112.88649,2024-04-07 11:31:53.806,-0.81,-1.0
2716,38.50337,-112.88394,2024-04-07 11:34:20.881,-0.93,-1.0
2717,38.50466,-112.88275,2024-04-07 11:34:31.185,-0.65,-1.0
2718,38.49656,-112.88694,2024-04-07 11:35:25.003,-0.41,-1.0
2719,38.49636,-112.88694,2024-04-07 12:01:14.083,-0.64,-1.0
2720,38.49643,-112.88694,2024-04-07 12:01:48.380,-0.92,-1.0
2721,38.49615,-112.88688,2024-04-07 12:04:03.072,-0.55,-1.0
2722,38.49636,-112.88684,2024-04-07 12:08:25.236,0.07,-1.0
2723,38.49619,-112.88691,2024-04-07 12:18:13.204,-0.91,-1.0
2724,38.4969,-112.88688,2024-04-07 12:29:46.480,-0.5,-1.0
2725,38.50402,-112.88604,2024-04-07 12:31:43.689,0.21,-1.0
2726,38.49646,-112.88682,2024-04-07 12:39:34.437,-0.75,-1.0
2727,38.49731,-112.8871,2024-04-07 12:39:46.868,-0.65,-1.0
2728,38.50456,-112.88279,2024-04-07 12:44:47.575,-0.26,-1.0
2729,38.49628,-112.88698,2024-04-07 13:11:22.305,-0.73,-1.0
2730,38.49607,-112.8868,2024-04-07 13:12:20.569,-0.55,-1.0
2731,38.50413,-112.88604,2024-04-07 13:28:32.501,-0.14,-1.0
2732,38.49687,-112.88707,2024-04-07 13:44:14.834,-0.89,-1.0
2733,38.49614,-112.88691,2024-04-07 13:46:33.164,-0.98,-1.0
2734,38.49645,-112.88698,2024-04-07 13:52:53.666,-0.19,-1.0
2735,38.49814,-112.88649,2024-04-07 14:05:06.242,-0.5,-1.0
2736,38.49939,-112.88694,2024-04-07 14:10:56.790,-0.86,-1.0
2737,38.49644,-112.88694,2024-04-07 14:22:38.436,-0.62,-1.0
2738,38.49654,-112.88698,2024-04-07 14:22:50.983,0.27,-1.0
2739,38.49636,-112.88694,2024-04-07 14:23:31.641,-0.64,-1.0
2740,38.49619,-112.88691,2024-04-07 14:44:38.280,0.07,-1.0
2741,38.49599,-112.88691,2024-04-07 14:45:13.620,-0.32,-1.0
2742,38.49688,-112.88706,2024-04-07 14:45:37.384,0.18,-1.0
2743,38.49705,-112.88714,2024-04-07 14:46:28.091,0.1,-1.0
2744,38.4967,-112.88699,2024-04-07 14:48:47.485,-0.69,-1.0
2745,38.49643,-112.88698,2024-04-07 15:10:52.042,-0.42,-1.0
2746,38.4968,-112.88702,2024-04-07 15:14:52.251,-0.92,-1.0
2747,38.49686,-112.88701,2024-04-07 15:15:59.370,-0.9,-1.0
2748,38.49921,-112.88715,2024-04-07 15:18:30.769,-0.55,-1.0
2749,38.50228,-112.88679,2024-04-07 15:22:28.331,-0.64,-1.0
2750,38.50485,-112.88228,2024-04-07 15:25:52.034,-0.74,-1.0
2751,38.5027,-112.88231,2024-04-07 15:26:47.176,-0.34,-1.0
2752,38.49645,-112.88698,2024-04-07 15:29:22.070,-0.25,-1.0
2753,38.50508,-112.88234,2024-04-07 15:35:19.470,-0.99,-1.0
2754,38.50274,-112.88688,2024-04-07 15:47:13.481,-0.78,-1.0
2755,38.50276,-112.88239,2024-04-07 15:48:51.080,-0.77,-1.0
2756,38.49545,-112.88673,2024-04-07 15:48:57.937,-0.92,-1.0
2757,38.49825,-112.88689,2024-04-07 15:55:59.396,1.38,-1.0
2758,38.50508,-112.88524,2024-04-07 16:05:48.630,-0.95,-1.0
2759,38.49677,-112.88468,2024-04-07 16:22:24.036,-0.87,-1.0
2760,38.49611,-112.8868,2024-04-07 16:29:06.675,0.86,-1.0
2761,38.49636,-112.88694,2024-04-07 16:38:13.147,-0.89,-1.0
2762,38.50243,-112.88258,2024-04-07 16:39:54.247,-0.73,-1.0
2763,38.4963,-112.88684,2024-04-07 16:40:41.440,-0.52,-1.0
2764,38.50001,-112.88574,2024-04-07 16:51:27.906,0.16,-1.0
2765,38.49628,-112.88698,2024-04-07 16:54:36.536,-0.75,-1.0
2766,38.49658,-112.88694,2024-04-07 16:56:07.569,-0.97,-1.0
2767,38.50496,-112.8825,2024-04-07 17:00:06.769,-0.87,-1.0
2768,38.50234,-112.88674,2024-04-07 17:01:45.088,-0.89,-1.0
2769,38.49629,-112.88692,2024-04-07 17:57:40.944,-1.0,-1.0
2770,38.49787,-112.88599,2024-04-07 18:02:06.870,-0.97,-1.0
2771,38.49698,-112.88703,2024-04-07 18:13:10.614,-0.5,-1.0
2772,38.49679,-112.88698,2024-04-07 18:13:41.841,-0.87,-1.0
2773,38.50258,-112.88354,2024-04-07 18:15:17.496,-0.39,-1.0
2774,38.49658,-112.88698,2024-04-07 18:16:26.714,-0.97,-1.0
2775,38.49982,-112.88575,2024-04-07 18:26:44.915,-0.77,-1.0
2776,38.49644,-112.88694,2024-04-07 18:28:32.715,-0.73,-1.0
2777,38.4967,-112.88699,2024-04-07 18:39:43.601,-0.87,-1.0
2778,38.50243,-112.88693,2024-04-07 19:10:58.019,-0.82,-1.0
2779,38.50247,-112.88691,2024-04-07 19:11:49.063,0.06,-1.0
2780,38.50242,-112.88371,2024-04-07 19:23:08.279,-0.04,-1.0
2781,38.48266,-112.914,2024-04-07 20:01:25.398,-0.65,-1.0
2782,38.49636,-112.88694,2024-04-07 20:06:23.149,-0.97,-1.0
2783,38.50246,-112.88679,2024-04-07 20:08:12.312,-0.94,-1.0
2784,38.50248,-112.88681,2024-04-07 20:16:55.949,0.13,-1.0
2785,38.50253,-112.88677,2024-04-07 20:19:30.575,-0.25,-1.0
2786,38.49645,-112.88698,2024-04-07 20:38:42.370,-0.44,-1.0
2787,38.49523,-112.88663,2024-04-07 20:46:52.574,-0.49,-1.0
2788,38.49608,-112.88688,2024-04-07 20:49:42.682,-0.42,-1.0
2789,38.4962,-112.88688,2024-04-07 21:06:58.619,-0.02,-1.0
2790,38.49687,-112.88706,2024-04-07 21:22:38.854,-0.51,-1.0
2791,38.50337,-112.88394,2024-04-07 21:33:32.423,-0.63,-1.0
2792,38.49545,-112.88673,2024-04-07 21:34:26.176,-0.73,-1.0
2793,38.49686,-112.88701,2024-04-07 21:54:19.569,-0.82,-1.0
2794,38.49698,-112.88703,2024-04-07 21:57:24.578,-0.99,-1.0
2795,38.5052,-112.88234,2024-04-07 21:59:59.857,-0.81,-1.0
2796,38.49628,-112.88698,2024-04-07 22:16:53.238,-0.79,-1.0
2797,38.50528,-112.8823,2024-04-07 22:37:50.282,-0.36,-1.0
2798,38.50505,-112.88231,2024-04-07 22:56:47.529,-0.67,-1.0
2799,38.49735,-112.88608,2024-04-07 23:21:55.348,-0.97,-1.0
2800,38.50251,-112.88361,2024-04-07 23:32:38.530,-0.38,-1.0
2801,38.49656,-112.88694,2024-04-07 23:33:26.008,-0.38,-1.0
2802,38.50268,-112.88356,2024-04-07 23:38:23.363,-0.58,-1.0
2803,38.50264,-112.88355,2024-04-07 23:38:28.622,-0.97,-1.0
2804,38.49641,-112.88688,2024-04-07 23:42:41.592,-0.76,-1.0
2805,38.49641,-112.88682,2024-04-07 23:43:07.931,-0.92,-1.0
2806,38.50542,-112.88219,2024-04-08 00:10:26.451,-0.83,-1.0
2807,38.49927,-112.88633,2024-04-08 00:12:56.665,-0.36,-1.0
2808,38.49654,-112.88698,2024-04-08 00:35:05.040,-0.79,-1.0
2809,38.49654,-112.88698,2024-04-08 00:35:13.117,-0.79,-1.0
2810,38.50465,-112.88275,2024-04-08 00:47:27.255,-0.52,-1.0
2811,38.49547,-112.88645,2024-04-08 01:04:24.488,-0.65,-1.0
2812,38.50515,-112.88261,2024-04-08 01:12:07.468,-0.56,-1.0
2813,38.49962,-112.88442,2024-04-08 01:22:51.009,-0.98,-1.0
2814,38.49538,-112.88669,2024-04-08 01:25:58.311,-0.59,-1.0
2815,38.49601,-112.88696,2024-04-08 01:40:10.353,-0.99,-1.0
2816,38.50248,-112.88669,2024-04-08 01:40:45.580,-0.72,-1.0
2817,38.4971,-112.88713,2024-04-08 02:11:11.605,-0.84,-1.0
2818,38.49643,-112.88698,2024-04-08 02:15:50.965,-0.41,-1.0
2819,38.49621,-112.887,2024-04-08 02:26:52.345,-0.86,-1.0
2820,38.49645,-112.88698,2024-04-08 02:38:34.073,-0.18,-1.0
2821,38.49698,-112.88703,2024-04-08 02:44:07.214,-0.87,-1.0
2822,38.49707,-112.88706,2024-04-08 02:53:45.650,-0.34,-1.0
2823,38.49596,-112.88696,2024-04-08 03:52:09.969,-0.97,-1.0
2824,38.49722,-112.88713,2024-04-08 03:53:58.016,-0.92,-1.0
2825,38.49686,-112.88701,2024-04-08 03:54:36.159,-0.87,-1.0
2826,38.49641,-112.88688,2024-04-08 04:52:33.693,-0.77,-1.0
2827,38.50336,-112.88368,2024-04-08 05:52:19.650,-0.79,-1.0
2828,38.49515,-112.88669,2024-04-08 05:53:55.576,-0.91,-1.0
2829,38.50299,-112.88674,2024-04-08 05:58:55.418,-0.09,-1.0
2830,38.49705,-112.88708,2024-04-08 06:22:46.867,-0.65,-1.0
2831,38.50209,-112.88694,2024-04-08 06:59:02.769,-0.99,-1.0
2832,38.49596,-112.88696,2024-04-08 07:38:14.084,-0.15,-1.0
2833,38.49688,-112.88706,2024-04-08 08:16:06.855,-0.3,-1.0
2834,38.50338,-112.88694,2024-04-08 08:36:52.610,-0.12,-1.0
2835,38.49545,-112.88673,2024-04-08 09:01:30.553,-0.81,-1.0
2836,38.50517,-112.8823,2024-04-08 09:10:52.768,-0.54,-1.0
2837,38.50537,-112.88213,2024-04-08 09:52:54.335,-0.8,-1.0
2838,38.49594,-112.88697,2024-04-08 10:25:12.999,-0.79,-1.0
2839,38.50292,-112.88668,2024-04-08 10:34:04.369,-0.82,-1.0
2840,38.49959,-112.88312,2024-04-08 12:02:23.867,-0.45,-1.0
2841,38.50273,-112.88577,2024-04-08 12:05:22.346,-0.74,-1.0
2842,38.50354,-112.88359,2024-04-08 12:26:34.815,-0.88,-1.0
2843,38.496,-112.88693,2024-04-08 13:00:07.549,-0.91,-1.0
2844,38.49628,-112.88698,2024-04-08 13:07:50.106,-0.9,-1.0
2845,38.49649,-112.88682,2024-04-08 13:56:40.519,-0.88,-1.0
2846,38.50238,-112.88679,2024-04-08 14:04:45.045,0.32,-1.0
2847,38.50228,-112.88679,2024-04-08 15:11:03.426,-0.43,-1.0
2848,38.49607,-112.88696,2024-04-08 17:05:22.951,-0.95,-1.0
2849,38.50337,-112.88394,2024-04-08 18:01:07.599,-0.69,-1.0
2850,38.50467,-112.88275,2024-04-08 18:25:00.639,-0.87,-1.0
2851,38.49592,-112.88701,2024-04-08 19:28:10.758,-0.44,-1.0
2852,38.50325,-112.88413,2024-04-08 20:09:18.127,-0.17,-1.0
2853,38.49948,-112.88274,2024-04-08 21:11:56.250,-0.83,-1.0
2854,38.50259,-112.88681,2024-04-08 21:43:38.360,0.23,-1.0
2855,38.49545,-112.88545,2024-04-09 00:51:18.397,-0.77,-1.0
2856,38.49641,-112.88682,2024-04-09 02:37:24.213,-0.97,-1.0
2857,38.49641,-112.88696,2024-04-09 03:57:22.335,-0.94,-1.0
2858,38.49645,-112.88698,2024-04-09 07:43:55.941,-0.63,-1.0
2859,38.50295,-112.88575,2024-04-09 09:23:40.260,-0.84,-1.0
2860,38.49453,-112.88672,2024-04-09 09:46:07.837,-0.49,-1.0
2861,38.50605,-112.88222,2024-04-09 11:09:55.429,-0.95,-1.0
2862,38.49706,-112.88567,2024-04-09 11:32:41.189,-0.89,-1.0
2863,38.50394,-112.88322,2024-04-09 13:04:47.182,-0.88,-1.0
2864,38.49606,-112.88696,2024-04-09 13:05:31.757,-0.86,-1.0
2865,38.50306,-112.88573,2024-04-09 13:36:05.632,-0.79,-1.0
2866,38.5033,-112.88411,2024-04-09 16:28:39.827,-0.71,-1.0
2867,38.50366,-112.88554,2024-04-09 19:49:09.647,-0.73,-1.0
2868,38.50321,-112.88699,2024-04-09 20:10:31.323,-0.74,-1.0
2869,38.50595,-112.88225,2024-04-09 23:19:38.307,-0.86,-1.0
2870,38.50595,-112.88225,2024-04-09 23:21:27.779,-0.77,-1.0
2871,38.50003,-112.88584,2024-04-10 05:35:11.184,-0.77,-1.0
2872,38.49559,-112.88696,2024-04-10 08:18:27.223,-0.82,-1.0
2873,38.5033,-112.88698,2024-04-10 14:51:58.477,0.77,-1.0
2874,38.50336,-112.88702,2024-04-10 14:53:56.306,0.35,-1.0
2875,38.49596,-112.88696,2024-04-10 15:23:16.818,-0.4,-1.0
2876,38.50325,-112.88702,2024-04-10 16:29:48.253,-0.42,-1.0
2877,38.49951,-112.88609,2024-04-10 17:02:20.475,-0.94,-1.0
2878,38.50076,-112.88101,2024-04-11 11:10:48.269,-0.94,-1.0
2879,38.50308,-112.88697,2024-04-11 16:31:49.716,-0.69,-1.0
2880,38.50111,-112.88394,2024-04-13 18:15:04.386,-0.9,-1.0
2881,38.50196,-112.88424,2024-04-13 18:17:33.919,-0.57,-1.0
2882,38.5018,-112.8845,2024-04-13 18:17:43.153,-0.83,-1.0
2883,38.50205,-112.88428,2024-04-13 18:17:53.842,-0.69,-1.0
2884,38.50091,-112.88398,2024-04-13 18:19:38.374,-0.98,-1.0
2885,38.50095,-112.88399,2024-04-13 18:21:11.452,-0.53,-1.0
2886,38.50092,-112.88398,2024-04-13 18:21:15.839,-0.8,-1.0
2887,38.48961,-112.89885,2024-04-13 18:22:33.955,-0.87,-1.0
2888,38.50151,-112.8838,2024-04-13 18:23:42.128,-0.88,-1.0
2889,38.50091,-112.88393,2024-04-13 18:26:58.917,-0.8,-1.0
2890,38.50091,-112.88396,2024-04-13 18:28:25.058,-0.92,-1.0
2891,38.50087,-112.88402,2024-04-13 18:29:57.267,-0.49,-1.0
2892,38.50095,-112.88395,2024-04-13 18:30:25.119,-0.85,-1.0
2893,38.50096,-112.884,2024-04-13 18:30:47.134,-0.98,-1.0
2894,38.50073,-112.884,2024-04-13 18:32:48.578,-0.34,-1.0
2895,38.50202,-112.88377,2024-04-13 18:34:26.611,-0.96,-1.0
2896,38.50223,-112.88443,2024-04-13 19:06:26.081,-0.28,-1.0
2897,38.50619,-112.88197,2024-04-14 11:17:28.098,-0.77,-1.0
2898,38.50136,-112.88545,2024-04-15 21:07:55.727,-0.96,-1.0
2899,38.50147,-112.88157,2024-04-15 22:06:54.507,-0.2,-1.0
